Uniquekey,category,matched_chat_text,Skill,pred_val_bert,pred_val_llm_skill,pred_val_llm_skill_desc,subprocess,group,confidence,reasoning
65dbcf5c3b09451a1bfdfd0ade84767b,basic,What are the phases of case-based reasoning?,Case-Based Reasoning,Remember,Remember,Remember,Recalling,lower_order,high,"The student asks for the phases of CBR, a factual recall of the process steps."
d7381503c7172fc148693600bfe72cfd,basic,What is the adapt step of case-based reasoning?,Case-Based Reasoning,Understand,Remember,Understand,Explaining,lower_order,high,"The student asks what the adapt step is, which requires explaining its role and function in CBR."
94b2820663afcf24706c14cb216b765c,complex,How do the five steps of CBR connect?,Case-Based Reasoning,Apply,Analyze,Analyze,Organizing,mid_order,high,"The question asks how the five steps connect, which requires organizing and describing relationships among parts."
04479860c286ed34b3fffe4cfb18501e,complex,Why does the adapt step follow after the retrieve step in case-based reasoning?,Case-Based Reasoning,Analyze,Understand,Understand,Explaining,lower_order,high,"The student asks why the adapt step follows retrieve in CBR, which requires explaining the rationale linking steps."
5c946ef7e8e443f02bbbb6adb2c73cf3,critical,In what scenarios might case-based reasoning fail?,Case-Based Reasoning,Apply,Evaluate,Evaluate,Critiquing,higher_order,high,"The student asks about failure scenarios for case-based reasoning, which requires evaluating and critiquing its limitations."
5f6226c43e0380131c5065e31b5b85e7,critical,What are some examples of novel aspects not represented by stored cases?,Case-Based Reasoning,Understand,Understand,Understand,Exemplifying,lower_order,high,Requesting examples of novel aspects not represented by stored cases calls for exemplification of abstract ideas.
3afb1eaa624801420f5c777133554619,creative,"""In the store step of case-based reasoning, what if there is no memory left?""",Case-Based Reasoning,Apply,Understand,Apply,Implementing,mid_order,medium,"The student asks what to do when there's no memory left during the store step, which asks for an implementation/operational solution."
4e626be8e88c0a042db3324ecbb7b705,creative,How would you apply case-based reasoning to build a LEGO set?,Case-Based Reasoning,Apply,Apply,Apply,Executing,mid_order,high,"The student asks how to apply case-based reasoning to build a LEGO set, which requires executing the method in a concrete task."
fea2dd992028148e72f91b81e69c0c99,basic,What is a semantic network and what are its important components?,Semantic Networks,Analyze,Remember,Remember,Recalling,lower_order,high,"The question asks for a definition and the key components, which requires retrieving factual knowledge."
b7bdbffc2c48160024dccf612e17bd8c,basic,How are different relationships represented in a semantic network?,Semantic Networks,Analyze,Understand,Understand,Explaining,lower_order,high,"The question asks how different relationships are represented in a semantic network, requiring explanation of representation techniques."
fa173608ac4fa3e6b416221262e73357,complex,Can you walk through an example of a semantic network being built with multiple layers?,Semantic Networks,Analyze,Apply,Apply,Executing,mid_order,high,"The student requests a step-by-step worked example demonstrating building a semantic network, which is a procedural task."
3bd317f220068748b4773fe20d2370df,complex,Can you give me the step by step process of building a semantic network from the Guards and Prisoners problem?,Semantic Networks,Remember,Apply,Apply,Implementing,mid_order,high,"The user requests a step-by-step process for building a semantic network for a specific problem, which is procedural application."
b13069c578ba08691f9f0e595863cd99,critical,What are some problems with semantic networks?,Semantic Networks,Understand,Analyze,Evaluate,Critiquing,higher_order,high,Asking for problems with semantic networks invites evaluative critique of their weaknesses.
56d3bd14a31b11a94318302ac0a984b3,critical,In what types of cases will semantic networks fail?,Semantic Networks,Apply,Analyze,Evaluate,Critiquing,higher_order,high,"The user asks in which cases semantic networks will fail, which requires critique and evaluation of limitations."
a347cf715e30d50adbc2790cb7ba3b55,creative,How would semantic networks be used in a more real life scenario such as with a movie recommendation system?,Semantic Networks,Apply,Apply,Apply,Implementing,mid_order,high,"The question asks how to use semantic networks for a movie recommendation system, requiring application of the representation to a real use case."
c131b8215e4adb7296c66d742b82077f,creative,Can semantic networks be extended to use weights for relationships?,Semantic Networks,Apply,Understand,Understand,Explaining,lower_order,medium,"The question asks whether and how semantic networks can be extended with weights, requiring explanatory discussion of possible extensions."
9e33d71682491acd5591a5e9014e3656,basic,what is case-based reasoning,Case-Based Reasoning,Remember,Remember,Remember,Recalling,lower_order,high,"This is a direct request for the definition of case-based reasoning, a recall task."
494010a8656e06b9709693b320968d9e,basic,What is case based reasoning used for?,Case-Based Reasoning,Analyze,Remember,Understand,Explaining,lower_order,high,"They ask about the uses of case-based reasoning, which requires explaining its purposes and applications."
0adbe44be0c2d5a682bec504f4776f28,complex,"""Say I am using case-based reasoning in a bot to handle customer support. The customer comes with a new type of problem that is sort of similar to previous cases, but requires a novel system that does not exist, how would case-based reasoning apply here.""",Case-Based Reasoning,Create,Apply,Apply,Implementing,mid_order,high,"They ask how case-based reasoning would be applied to a novel customer problem, which is applying the method to a scenario."
9fead0104eca39a798f17253e69fddab,complex,"""During the adaptation to evaluation stage, how does it successfully define a problem as """"solved"""", additionally what if the problem is not solved?""",Case-Based Reasoning,Evaluate,Understand,Analyze,Attributing,mid_order,high,"They ask how the adaptation-to-evaluation stage determines a problem is solved or not, which requires analyzing success criteria and outcomes."
806223787b4cbc85610e4253fbc2a590,critical,When does case based reasoning fail,Case-Based Reasoning,Analyze,Evaluate,Evaluate,Checking,higher_order,high,"They ask when case-based reasoning fails, which requires evaluating its limitations and failure modes."
24a3369bf1f6bd5b414ea8660fce828f,critical,what happens when something is retrieved that does not actually match the current situation,Case-Based Reasoning,Apply,Analyze,Analyze,Attributing,mid_order,high,"They ask what happens when a retrieved case doesn't match the situation, which requires analyzing the consequences and error sources."
09535e5b45287baec3e252ea23a3e39c,creative,What if we modified the retrieval to return multiple past cases instead to compound into a new solution?,Case-Based Reasoning,Create,Evaluate,Analyze,Organizing,mid_order,medium,"They inquire about the effects of returning multiple retrieved cases and how they could be combined, which involves organizing and reasoning about system behavior."
7239bc2dc6d486d068058d4bed23e743,creative,"""Can multiple instances of case based reasoning be chained together to solve more complex problems? If so, give an example.  """,Case-Based Reasoning,Apply,Understand,Apply,Implementing,mid_order,high,"They ask whether multiple CBR instances can be chained and request an example, which involves applying and demonstrating the method."
1fd6d7b837c7e775fcc214431749da36,basic,What is the Version Space and how does it represent the set of consistent hypotheses?\n,Version Spaces,Remember,Understand,Understand,Explaining,lower_order,high,"The student asks what a Version Space is and how it represents consistent hypotheses, which is a conceptual explanation."
940e4304fa3aed9d6153063aaf3ea034,basic,Can you explain what the S-set and G-set represent in the Version Spaces algorithm?\n,Version Spaces,Remember,Understand,Understand,Explaining,lower_order,high,Requesting an explanation of what S and G represent requires conceptual understanding of the algorithm's components.
7725a8a01b03d251011ec40d7c68a374,complex,"""	When a new positive example is encountered, how does the algorithm decide which hypotheses in the S-set to generalize, and how does this interact with pruning the G-set?""",Version Spaces,Analyze,Analyze,Analyze,Organizing,mid_order,high,Explaining how the algorithm selects hypotheses and how that interacts with pruning requires organizing the algorithm's components and relationships.
14dfb23b5584ccd2392e58ef2b617442,complex,Walk me through what happens when a negative example contradicts a hypothesis currently in the S-set — what chain of updates occurs across both S and G?\n,Version Spaces,Analyze,Apply,Apply,Executing,mid_order,high,"The student requests a step-by-step walkthrough of the update chain when a negative example contradicts S, which is executing the algorithmic procedure."
7d4696d70c74b9f194f214d422e72440,critical,The algorithm assumes no noise in training data. How would even a single mislabeled example affect the integrity of the S-set and G-set?\n,Version Spaces,Apply,Analyze,Analyze,Attributing,mid_order,high,Assessing how a mislabeled example affects S and G requires analyzing and attributing specific structural impacts on the version space.
eb4e5e5ad675dba64c615fb3ebf5aafb,creative,Could Version Spaces be adapted for a recommendation system where user preferences are treated as positive/negative examples? What would the hypothesis space look like?,Version Spaces,Apply,Create,Create,Planning,higher_order,medium,Designing an adaptation of Version Spaces for recommendation systems asks for planning a novel hypothesis space and system design.
e87d2ab34045a65c04f6d9f6a68eb4a2,creative,"""What if we allowed partial matches instead of exact matches — could a """"fuzzy"""" Version Space handle continuous-valued features?\n""",Version Spaces,Apply,Evaluate,Evaluate,Checking,higher_order,medium,Questioning whether fuzzy matching could adapt Version Spaces asks for evaluation of a methodological extension and its feasibility.
f667d15c9be7c3370104b92b1cec127f,basic,"""What is """"Version"""" in Version Space?""",Version Spaces,Remember,Remember,Remember,Recalling,lower_order,high,"This is a request for the definition or meaning of a term, a factual recall task."
711c849310baaf2744fe328d97478cec,complex,"""Using a example, explain how the version space changes when new data is added.""",Version Spaces,Understand,Understand,Understand,Exemplifying,lower_order,high,Asking for an example to show how the version space changes requests an illustrative explanation using a concrete example.
371ba314a4a3d2e97eb16b4f020052b7,critical,""" If the data is noisy, the version space may become overly general. How can this issue be addressed?""",Version Spaces,Apply,Create,Create,Generating,higher_order,medium,"Requesting fixes for noisy data in version spaces asks for proposed solutions and adaptations, which is generative."
7a6ce4b657c194b46d2f6b4b0a12ab64,creative,How is Version Space learning different from finding a hyperplane in classification methods?,Version Spaces,Analyze,Analyze,Analyze,Differentiating,mid_order,high,Comparing Version Space learning to finding a hyperplane asks for differentiating the two approaches and their assumptions.
24524a5c7e7e739387358bb03b88b0ce,creative,"""As the number of features increases, the version space becomes highly complex. What are possible ways to address this issue?""",Version Spaces,Create,Create,Create,Generating,higher_order,medium,"Asking for ways to address version space complexity solicits generation of possible mitigation strategies, a creative task."
b840021956df2ea3fd44bf98a3cabffd,basic,what is the difference between the specific model and the general model,Version Spaces,Analyze,Understand,Understand,Comparing,lower_order,high,"The student asks for the difference between two concepts, which requires comparing their meanings."
03ec312c7a9c6c3faa7ff5cf892785bd,complex,How do the steps of the decision tree that have multiple correct answers connect with one another to find the most optimal tree?,Version Spaces,Apply,Analyze,Analyze,Organizing,mid_order,medium,"The student asks how multiple-correct-answer steps connect to find an optimal decision tree, requiring organizing relationships among processes."
de334677479fa7aba9b1785501549d51,complex,"""how should I update the general and specific boundaries if I receive a negative example that partially overlaps with multiple current hypotheses, and how do I decide which hypotheses to remove versus specialize?""",Version Spaces,Apply,Analyze,Analyze,Organizing,mid_order,high,"They ask how to update boundaries and choose hypotheses to remove or specialize, which requires organizing the algorithmic update process."
e4ea74393d5887c3de92e5338c28a6e8,critical,"""What happens to the version space if the training examples are noisy or mislabeled? Can the candidate elimination algorithm recover, or does it collapse entirely""",Version Spaces,Apply,Analyze,Analyze,Attributing,mid_order,high,This repeats a question about noisy/mislabeled examples and requires analysis of their effect on the version space.
ebaea1609f2a0f47978ae94f4dfe90f6,critical,The candidate elimination algorithm assumes the target concept is contained somewhere in the hypothesis space. What happens if the true concept can't be represented by any hypothesis>,Version Spaces,Apply,Analyze,Analyze,Attributing,mid_order,high,"They ask about the algorithm's behavior when the true concept is outside the hypothesis space, which requires analyzing consequences."
4b5f9ee785979fab0e26634bb28ddf4e,creative,"""""""Could you apply version spaces incrementally in a real-time setting, where new training examples arrive as a stream rather than all at once? """,Version Spaces,Apply,Apply,Apply,Implementing,mid_order,medium,"The question asks about applying version spaces incrementally to streaming data, which involves implementing or adapting the procedure."
38874fde141cc27f37e3dfd18a2154d7,creative,"""Instead of using version spaces for concept learning, could you use the same S-boundary and G-boundary logic to debug a rule-based system?""",Version Spaces,Apply,Create,Create,Generating,higher_order,high,"The student proposes applying version-space logic to debug rule systems, which asks for generating a novel adaptation of a method."
663658dab146e3b48256c2807ca1e568,complex,How does the system decide whether to generalize or specialize its concept after receiving a new instance?,Incremental Concept Learning,Evaluate,Analyze,Understand,Explaining,lower_order,high,"The student asks for the decision rule or mechanism the system uses to generalize versus specialize, a conceptual explanation."
aeb5c40ea137d670ee446597a4adfe74,complex,"""Why is it important for incremental concept learning to keep track of both positive and negative examples, and how does this influence the concept boundaries over time?""",Incremental Concept Learning,Analyze,Analyze,Analyze,Attributing,mid_order,high,"The question asks how tracking positives and negatives affects concept boundaries over time, which requires attribution of influence."
571b025f436b07f6c2342fe139223bdf,critical,"""In incremental concept learning, what happens if the first few examples are misleading or noisy?""",Incremental Concept Learning,Apply,Analyze,Analyze,Attributing,mid_order,medium,"The question asks about effects of misleading/noisy early examples, which requires analyzing how those cases impact learning."
7ad43237d2789afc216aca86ed107569,critical,Does incremental concept learning depend on the order in which examples are received?,Incremental Concept Learning,Analyze,Analyze,Analyze,Attributing,mid_order,medium,"The student asks whether and how order affects learning, requiring analysis of algorithmic dependency on example sequence."
40b28299a32239c984d5c03118e0c362,creative,How could incremental concept learning be used in a real-world application?,Incremental Concept Learning,Apply,Apply,Apply,Implementing,mid_order,high,"The student asks how to apply incremental concept learning in a real-world application, which is an application/design task."
b7405a9c0fefaa2f0bc48cd6e6034c16,creative,How might incremental concept learning be adapted for an environment where the target concept changes over time?,Incremental Concept Learning,Apply,Create,Create,Planning,higher_order,medium,"The student asks how to adapt the algorithm for concept drift, which requires proposing a plan or design changes."
c488fa6e2f05af9dff3fdcaf05a85e0f,basic,"""What is Generate and Test, and how does it work?""",Generate & Test,Apply,Understand,Understand,Explaining,lower_order,high,Requesting a definition of Generate and Test and how it works is a conceptual explanation task.
c22aef54ba87b931f8e6d3072c342102,basic,What is the difference between a dumb generator and a smart generator?,Generate & Test,Analyze,Understand,Understand,Comparing,lower_order,high,"The student asks for the difference between two generator types, requiring comparison of characteristics."
051914c2f8cb553d36da87621e832120,complex,"""In the Guards and Prisoners problem, how would you use a semantic network to guide a Generate and Test process step-by-step, including generating possible moves and testing constraints to select the next state?""",Generate & Test,Apply,Apply,Apply,Implementing,mid_order,high,"The student asks for a step-by-step use of semantic networks to guide Generate-and-Test, a procedural implementation in a specific problem."
9588d9a66344b94d1eb985c84bbf0ace,complex,"""How do smart testers and smart generators interact when combined with a semantic network, and why does this improve efficiency compared to using only one of them?""",Generate & Test,Analyze,Understand,Analyze,Organizing,mid_order,medium,"The question asks how components interact and why that improves efficiency, requiring analysis and organization of system interactions."
312bba7dd19c68f86aa1779cf6357d99,critical,What are the limitations of using a semantic network in Generate and Test when the problem space becomes very large or has many constraints?,Generate & Test,Analyze,Evaluate,Evaluate,Checking,higher_order,high,"The question requests assessment of limitations of a method in large or constrained problem spaces, an evaluative judgment."
c65c65db676564a3f7ba4582b27c9102,critical,"""Are there situations where a semantic network might mislead the generator or tester and cause incorrect pruning of valid solutions? If so, why?""",Generate & Test,Analyze,Evaluate,Evaluate,Checking,higher_order,high,"The student asks whether semantic networks can mislead and cause incorrect pruning, which requires evaluating potential failure modes."
b15cb321ab5651171d2631514ca45b26,creative,"""How could you extend the combination of semantic networks and Generate and Test to model how humans solve everyday problems, like planning a schedule or organizing tasks?""",Generate & Test,Apply,Create,Create,Planning,higher_order,high,Extending and adapting methods to model human problem solving requires designing (planning) a system-level approach.
f3338075d0a5210635ab885f53e3f534,creative,"""What would a hybrid system look like that combines semantic networks, Generate and Test, and another AI method (like means-ends analysis), and how would they work together?""",Generate & Test,Create,Create,Create,Planning,higher_order,high,Designing a hybrid system combining multiple AI methods requires planning how components interact and complement each other.
bdb1f91eba348615e26b87bbaf6a96c6,basic,"""what does a generator do? """,Generate & Test,Apply,Remember,Understand,Explaining,lower_order,high,"They ask what a generator does, requiring a straightforward conceptual explanation."
b1100d77ac530197db8a6f181c3c7108,basic,"""what does a tester do? """,Generate & Test,Apply,Remember,Understand,Explaining,lower_order,high,"They simply ask what a tester does, requiring a basic conceptual explanation."
e779893b1f3a0f47493d350b8f72942b,complex,How do the generator and tester work together step by step when solving a problem?,Generate & Test,Apply,Apply,Understand,Explaining,lower_order,high,"They request a step-by-step description of how generator and tester operate together, requiring procedural explanation."
674312c696cec8ab8a33cf7e8fe6567a,complex,"""If the generator creates a possible next state that seems valid at first, how does the tester decide whether to keep it or throw it out?""",Generate & Test,Evaluate,Understand,Understand,Explaining,lower_order,high,"They ask how a tester decides to keep or discard a seemingly valid next state, requiring explanation of tester criteria and checks."
829794a431d8a8611bc63b3b2b0b2bf3,critical,What are some situations where Generate and Test could be slow or inefficient?,Generate & Test,Apply,Analyze,Analyze,Attributing,mid_order,high,"They ask for situations in which generate-and-test is slow or inefficient, requiring identifying causal conditions."
93687056ec4331fda1ef6a2792160e52,critical,"""Can the tester ever remove a state that actually could have led to a solution later, or does it only remove states that are definitely wrong?""",Generate & Test,Apply,Analyze,Analyze,Differentiating,mid_order,medium,"They question whether a tester can mistakenly remove potentially useful states, which requires distinguishing types of tester decisions."
7d59e933b093ffba8fab9767fed93bc6,creative,How could Generate and Test be changed to work better on a very large problem space with too many possible states?,Generate & Test,Apply,Create,Create,Planning,higher_order,high,"They ask how to change generate-and-test to handle very large spaces, which requires proposing and planning algorithmic improvements."
91681261b769e010ea4dfbc29cdd95e8,creative,"""Could Generate and Test be combined with another KBAI skill, like means-ends analysis to solve problems more effectively?""",Generate & Test,Create,Create,Create,Generating,higher_order,high,"Duplicate of 1167: asking how to combine generate-and-test with other techniques, requiring generation of integrated approaches."
a5a93b63f2a0776d1efc4b18d5acde90,basic,What is a frame used for?,Frames,Remember,Remember,Understand,Interpreting,lower_order,high,"The question asks for the purpose or use of a frame, a basic conceptual interpretation."
fa175f185abae9df7dde07b6e37eed43,basic,How do I establish connection between two frames?,Frames,Analyze,Apply,Apply,Implementing,mid_order,high,"The question requests concrete steps to establish connections between two frames, a procedural task."
5db5956571e66e7ce06cd5fa62776696,complex,When should I make another frame versus expanding an existing frame?,Frames,Apply,Evaluate,Evaluate,Checking,higher_order,medium,"The student asks for criteria to judge when to create a new frame versus expanding one, a decision-based judgment."
932f433b048839756bb1c041425363a7,complex,When should I use another Frame as a filler value?,Frames,Apply,Evaluate,Evaluate,Checking,higher_order,medium,"The student asks for criteria for using one frame as a filler value, requiring judgment about appropriateness."
6e79ade641f548e383e042084eab0a80,critical,What should I do if a Frame cannot represent what I want to model?,Frames,Apply,Create,Apply,Implementing,mid_order,medium,"They ask what procedural steps to take when a frame cannot represent the target, implying application of alternatives."
fd724b899b8184e0d2db20f7fc24c4fb,critical,What are the shortcomings of using a Frame system?,Frames,Understand,Evaluate,Evaluate,Critiquing,higher_order,high,"They ask for shortcomings of frame systems, which is a critical evaluation of limitations."
9c6ace8d3d8504d40a64171ad4d48e68,creative,"""When would a frame not work, and can you give me an example?""",Frames,Apply,Analyze,Analyze,Differentiating,mid_order,medium,"They ask when frames fail and want examples, which requires distinguishing conditions and limitations."
85328ecf0ae7ecb2aac62d66739706cf,basic,What is the fundamental difference between the general boundary and the specific boundary in a Version Space?,Version Spaces,Analyze,Understand,Understand,Comparing,lower_order,high,"The student asks for the fundamental difference between two concepts, which requires comparing and explaining their distinctions."
4af22f84a2aa9daa0a8bbf776088ac09,basic,"""When a new positive example is introduced, exactly which boundary is updated, and what is the rule for updating it?""",Version Spaces,Remember,Understand,Understand,Explaining,lower_order,high,"They ask which boundary is updated when a positive example arrives and the updating rule, a procedural explanation of the algorithm."
6dda4bc72c6bd84da46657d166bcd595,complex,"""if we receive a negative example that is incorrectly covered by our current specific boundary, what sequence of steps must we take to resolve this, and how does it affect the general boundary?""",Version Spaces,Analyze,Apply,Apply,Implementing,mid_order,high,"The question requests the sequence of procedural steps to correct an incorrectly covered negative example, which is implementation of algorithmic actions."
362227c4350d0b96c191f8910fa15ce7,complex,How do the operations of generalization and specialization interact to guarantee that the boundaries will eventually converge on the target concept,Version Spaces,Apply,Analyze,Analyze,Organizing,mid_order,high,"They ask how generalization and specialization interact to ensure boundary convergence, which requires organizing the operations and their interplay."
4d22cf8f96993f5874e69614e38be7e0,critical,"""Is there a scenario, or a specific type of concept representation, where the Version Space algorithm completely fails to converge? Give a brief answer""",Version Spaces,Understand,Evaluate,Evaluate,Checking,higher_order,high,"They ask whether there are representations or scenarios where Version Spaces fails to converge, requiring evaluation against algorithmic assumptions and criteria."
2268694e8e2cc1cf727b94ca7feaed5d,basic,"""What is a """"state"""" in the context of AI planning, and how does it differ from a """"goal""""?""",Planning,Analyze,Understand,Understand,Comparing,lower_order,high,"The student asks for the meanings of 'state' and 'goal' and how they differ, which is a conceptual comparison."
f1db89092b44bf584761bb7c5e5d14f3,basic,"""What is an operator in partial order planning, and what are its preconditions and postconditions?""",Planning,Analyze,Understand,Understand,Explaining,lower_order,high,"This requests definitions and explanation of an operator and its pre/postconditions, a conceptual understanding task."
1000e724c6e4218a4d6e2ea781daea81,basic,"""In partial order planning, how does the system detect and resolve a conflict between two steps that have contradictory effects on the same state variable?""",Planning,Apply,Understand,Understand,Explaining,lower_order,high,"The question asks for an explanation of how a planning system detects and resolves conflicts, requiring conceptual understanding."
b86c88797d8c7d04ffbc894af30afdcb,basic,"""How does the planner decide which open precondition to address next, and how does that decision affect the order in which steps are added to the plan?""",Planning,Analyze,Analyze,Analyze,Organizing,mid_order,high,"The question probes how choice of which open precondition to address structures the plan, which is an organizational analysis of planning steps."
a12a9978737dd2da0330899945dadf93,basic,"""What happens when partial order planning encounters a situation where resolving one conflict inevitably creates another? Ts there a principled way to escape this, or does the method fail?\n""",Planning,Create,Analyze,Analyze,Attributing,mid_order,high,"They ask what happens when conflict resolution creates new conflicts and whether there is a principled escape, requiring analysis of causes and algorithmic behavior."
f1f172035140a6e17dae5e774c7ff385,basic,Partial order planning assumes a fully known initial state and deterministic operators. How does this assumption limit the applicability of the method to real-world planning problems?,Planning,Apply,Evaluate,Evaluate,Checking,higher_order,high,"They ask how assumptions limit applicability to real-world problems, requiring a judgment about suitability against criteria."
75a5324ae432f678993dccd0fdb48947,basic,"""Could partial order planning be applied to scheduling a college student's weekly homework across multiple classes with deadlines and dependencies? What would the states, goals, and operators look like?\n""",Planning,Apply,Apply,Apply,Implementing,mid_order,high,"The student asks how to model a real scheduling problem in partial order planning, which is applying the planning procedure to a specific scenario."
13682434c56f5df0a16723c0cb673846,basic,"""My Question: How might hierarchical task network (HTN) planning improve on basic partial order planning for a complex problem like planning a dinner party where high-level tasks like """"prepare food"""" decompose into many subtasks?\n""",Planning,Analyze,Analyze,Analyze,Differentiating,mid_order,high,"The student asks how HTN improves on partial order planning for a complex problem, requiring differentiation of the methods and their effects."
1d77bb7ba0b85ffa56836767566fea1e,basic,What is creativity?,Explanation-Based Learning,Remember,Remember,Remember,Recalling,lower_order,high,Asking 'What is creativity?' requests a definitional recall of the concept.
d49149a67a2fb5066eebaf2b91b13f4e,basic,What occurs when an object or word has multiple definitions?,Explanation-Based Learning,Analyze,Understand,Understand,Explaining,lower_order,high,"They ask what happens when an object or word has multiple definitions, requiring explanation of consequences."
cd4c2eb269e397c52b99ee3e3a200fde,complex,"""1. when determining attributes to describe objects what if those attributes do not apply to other objects, how can we use this in incremental learning?""",Explanation-Based Learning,Apply,Analyze,Apply,Implementing,mid_order,medium,"The student asks how to use attributes that don't generalize in incremental learning, which requires implementing a method."
d9f6801a66b7610ab7cd66b8d7b13665,complex,In defining a concept what determines the basis of truth that we use?,Explanation-Based Learning,Understand,Understand,Analyze,Attributing,mid_order,medium,Asking what determines the basis of truth for a concept requires analyzing the foundations and sources of justification.
517b11169d59f495aa5421fbfa685c08,critical,Is problems solving creative or is more pattern matching that we can do?,Explanation-Based Learning,Evaluate,Understand,Evaluate,Comparing,higher_order,high,"The student asks to judge whether problem solving is creative or pattern matching, which involves comparison and evaluation."
dad3135ae6b27df8cc57d4b07570f3da,critical,"""AI agents use relationships to determine if a concept of an object matches, but the relationships are not equally important how does this factor into transfer?""",Explanation-Based Learning,Analyze,Analyze,Analyze,Attributing,mid_order,high,"The question asks how varying importance of relationships affects transfer, which requires attributing effects to relationship weights."
1ed1bd66f60bf70eed33992265524dc7,creative,Is abstraction always generalization how can we abstract the concept of abstraction?,Explanation-Based Learning,Understand,Create,Create,Generating,higher_order,medium,"The question is meta-conceptual and asks to abstract the concept of abstraction, which requires generating a novel higher-order abstraction."
76e0e731a46bef60152d79ec596df42a,creative,"""Question: causal relationships are important in abstraction, are there any other types of relationships that are also important as well?""",Explanation-Based Learning,Analyze,Understand,Understand,Exemplifying,lower_order,high,Requesting other important types of relationships besides causal asks for examples and categorization.
6e2540bb13c9711f6f6891f090ca7c00,basic,What is the difference between a generator and a tester?,Generate & Test,Analyze,Understand,Understand,Comparing,lower_order,high,"The student requests the difference between two concepts, which requires comparing their roles and definitions."
0f8986b03b94f96cb71503a185699751,basic,How does the tester decide which states to eliminate in the guards and prisoners problem?,Generate & Test,Evaluate,Understand,Analyze,Attributing,mid_order,high,"The question asks how the tester chooses which states to eliminate, requiring analysis of the decision criteria and their effects."
c81bf6f1c9706d5a8f403ae6d27adc75,complex,How does the generator and tester interact over multiple iterations?,Generate & Test,Analyze,Understand,Understand,Explaining,lower_order,high,Describing generator/tester interaction over iterations is an explanation of their procedural interplay.
727f3256d1d12f3d8d4f1d9368b3ddd5,complex,How does it impact efficiency if a generator produces multiple possible states but the tester is weak?,Generate & Test,Analyze,Analyze,Analyze,Attributing,mid_order,high,"This asks how a weak tester interacting with a prolific generator affects efficiency, requiring analysis of their interaction."
3fde8116127aee01ca9786704add2de5,critical,What are some limitations of generate and test in unconstrained domains?,Generate & Test,Understand,Understand,Evaluate,Critiquing,higher_order,high,Listing limitations of a method in unconstrained domains is a critique of its applicability and performance.
1f601a7aeba081c52056a3206a63c166,critical,Would generate and test fail even if there is a correct solution that exists?,Generate & Test,Evaluate,Analyze,Evaluate,Checking,higher_order,high,"This asks whether the method can fail despite a solution existing, which is a judgment about the method's reliability."
14bbab70f46c89707c174677e291b791,creative,How could generate and test be adapted to solve Raven’s Progressive Matrices more efficiently?,Generate & Test,Create,Create,Create,Planning,higher_order,high,"The student asks for adaptations to improve efficiency, requiring generation and planning of novel method changes."
7d63cdc1a721feee701fc5ee74ace15c,creative,What would happen if both the generator and tester were highly intelligent? Would generate and test still be necessary?,Generate & Test,Create,Evaluate,Evaluate,Checking,higher_order,high,"The student asks whether the method remains necessary under different agent capabilities, requiring evaluation of its continued value."
930ae16504c2027af8e0dde3118b8905,basic,explain version spaces,Version Spaces,Understand,Understand,Understand,Explaining,lower_order,high,"The student requests an explanation of version spaces, a conceptual understanding task."
7bc5e14a9ca95e8f85de46db4782458c,basic,why is pruning done,Version Spaces,Remember,Understand,Understand,Explaining,lower_order,high,Asking why pruning is performed requests an explanation of its purpose and rationale.
55c66180b243439ab165ce6065b1a249,complex,"""what is the difference between incremental concept leaning, explaination based learning and version spaces""",Version Spaces,Analyze,Understand,Understand,Comparing,lower_order,high,"They ask how three learning paradigms differ, which is a comparative understanding task."
4de14a97ffface3dcc0e2ff7c7ba767f,complex,how is convergence ensured,Version Spaces,Analyze,Understand,Understand,Explaining,lower_order,high,Asking how convergence is ensured requests an explanation of the mechanism or proof behind the guarantee.
8abb6d9dc80a1c13954217aa929cc58b,critical,in this framework of learning can anything be learned from only positive examples after the first positive example,Version Spaces,Apply,Understand,Analyze,Attributing,mid_order,high,"This asks whether learning is possible from only positive examples, requiring analysis of the framework's limitations and implications."
d9a1bd452a3215a1b67f5989f5eaab1a,critical,what happens when multiple concepts are redundant,Version Spaces,Apply,Analyze,Analyze,Attributing,mid_order,high,"They ask about consequences when concepts are redundant, which requires analyzing effects and attributing outcomes."
f2a3652cd27a875020b1733fdd81b1ff,creative,what is the best way to improve version spaces as a skill to make it efficient and robust,Version Spaces,Evaluate,Create,Create,Planning,higher_order,medium,Requesting the best ways to improve version spaces for efficiency and robustness asks for generation of a development plan.
efa32410b91df3465798abdffa64b845,creative,can random forest be made using version spaces,Version Spaces,Apply,Create,Evaluate,Checking,higher_order,medium,Asking whether a random forest can be made using version spaces is a feasibility judgment requiring evaluation of compatibility.
a694c9fedbb4181018923945d208daad,basic,"""What is the goal of the version spaces algorithm, and what problem does it solve?""",Version Spaces,Remember,Understand,Understand,Summarizing,lower_order,high,"The question requests a concise statement of the algorithm's goal and the problem it addresses, a summarization task."
4eeee1cc5ad0ec933cc93ca888894be8,basic,What is the difference between the specific boundary and the general boundary in version spaces?,Version Spaces,Analyze,Understand,Understand,Explaining,lower_order,high,Asking for the difference between specific and general boundaries is a request for a conceptual explanation of their roles.
0dea693abb754d71c2b2b82a21e7eac8,complex,"""When we receive a positive example, how do the specific and general boundaries update, and why do they move in opposite directions?""",Version Spaces,Analyze,Understand,Understand,Explaining,lower_order,high,"The student asks how S and G update and why they move oppositely, which is an explanatory question about algorithm dynamics."
d05150ddc00ad23205f0c3ea0f98e19a,complex,How do the specific and general boundaries interact to converge on a final concept? What determines when the algorithm has finished learning?,Version Spaces,Analyze,Analyze,Analyze,Organizing,mid_order,high,"The question asks how two boundary sets interact and relate to converge, which requires organizing their roles and relationships."
6468494c4606e6ded34dba21fe802cb3,critical,"""What happens to the version spaces algorithm if it receives contradictory training examples — for instance, two identical examples where one is labeled positive and the other negative?""",Version Spaces,Analyze,Analyze,Analyze,Attributing,mid_order,high,"The student asks about the effect of contradictory labels on Version Spaces, which requires analysis of inconsistencies and consequences."
b5fbfb1ad5bf0720abdccd73bb6b1b30,critical,Does the version spaces algorithm assume that the target concept can always be represented as a conjunction of features? When would this assumption cause it to fail?,Version Spaces,Apply,Analyze,Analyze,Attributing,mid_order,high,"The question probes underlying assumptions and when they lead to failure, which requires analyzing conditions that cause breakdowns."
2b1375cabf091d497001b66de1a4337c,creative,"""Could version spaces be combined with case-based reasoning, where past examples are stored and retrieved to help initialize or refine the boundaries more efficiently?""",Version Spaces,Create,Create,Create,Generating,higher_order,medium,Proposing a hybrid of Version Spaces and case-based reasoning requires generating a novel methodological combination and its rationale.
d797771348e96b54402110fefb8e397d,creative,What if we modified the version spaces algorithm to handle a confidence score instead of a binary positive/negative label — how might the generalization and specialization steps change?,Version Spaces,Apply,Create,Create,Generating,higher_order,high,Proposing how to modify the algorithm for continuous confidence scores asks for novel design ideas and generated changes to procedures.
c2008d95b5e01ef13faf7da5cbc626d0,basic,"""What is constraint propagation, and what does it do?""",Constraint Propagation,Remember,Remember,Understand,Explaining,lower_order,high,This is a request for a definition and explanation of the concept of constraint propagation.
3b6b3737386ec5d2ae329485462f53a5,basic,"""When a value is removed from a variable’s domain, how does that affect neighboring variables through constraints?""",Constraint Propagation,Analyze,Understand,Understand,Inferring,lower_order,high,"The student asks to infer the local effects of domain pruning on neighboring variables, which is an inferential explanation of propagation."
66320b8d214d99b00605234dd26ec18d,complex,"""Given a constraint graph with multiple variables and domains, how does constraint propagation proceed step-by-step to enforce consistency across all variables?""",Constraint Propagation,Apply,Apply,Apply,Executing,mid_order,high,"The question requests a step-by-step enactment of constraint propagation across a graph, which is procedural application."
df92c96df6ad5c3903eb82f95f60ca8c,complex,"""Why does constraint propagation sometimes require multiple iterations to stabilize, and how do we know when the process is complete?""",Constraint Propagation,Analyze,Understand,Understand,Inferring,lower_order,high,"The question asks why multiple iterations may be needed and how to detect completion, requiring inferential explanation of process dynamics."
cef9ab865a946b33074dbbfe43b1a457,critical,"""What are the limitations of constraint propagation in solving constraint satisfaction problems, and when is it insufficient on its own?""",Constraint Propagation,Understand,Evaluate,Evaluate,Critiquing,higher_order,high,"The student asks for limitations and when the method is insufficient, which requires critique of its capabilities."
378d326f89c470f4609d2ea0c18ce64d,critical,"""Can constraint propagation ever lead to incorrect conclusions or eliminate valid solutions? If so, under what conditions?""",Constraint Propagation,Apply,Evaluate,Evaluate,Critiquing,higher_order,high,"The student asks whether constraint propagation can eliminate valid solutions and under what conditions, requiring critical assessment of limitations."
7e10882d22111dd40d521e56f292666d,creative,How could constraint propagation be extended to handle dynamic problems where constraints or domains change over time?,Constraint Propagation,Apply,Create,Create,Planning,higher_order,high,Extending the technique to dynamic problems asks for designing new mechanisms and planning adaptations to handle changing constraints.
776d50e0c4c869e90927732891cc9538,creative,""" If constraint propagation were applied to real-world problems like scheduling or natural language processing, what challenges would arise?\n""",Constraint Propagation,Apply,Evaluate,Evaluate,Critiquing,higher_order,high,Assessing real-world challenges of applying constraint propagation requires critical evaluation of practical limitations.
14ea6fed0510c617fa7f49d494aa43b8,basic,What is means-ends analysis?,Means-Ends Analysis,Remember,Remember,Remember,Recalling,lower_order,high,"The student asks for the definition of means-ends analysis, a recall task."
fa22aae56a5a686626e32f0f8dba728c,basic,How do you determine the distance between the current state and the goal state in means-ends analysis?,Means-Ends Analysis,Apply,Understand,Apply,Implementing,mid_order,high,Determining the distance metric in means-ends analysis asks for a method to implement to measure difference between states.
8e0c0de56dcc0c8b805c616cf010967b,complex,Why in means-ends analysis do we find the difference between the goal state and the current state>,Means-Ends Analysis,Analyze,Understand,Understand,Explaining,lower_order,high,"The question asks for the rationale behind finding differences between goal and current state, which is explanatory."
bbcafbc881f7d2133b5517cd62ac9641,complex,"""Let's say I want to find a flight to get me from Japan to Turkey, what would be the first step of applying using means-ends analysis?""",Means-Ends Analysis,Create,Apply,Apply,Executing,mid_order,high,Asking for the first step in applying means-ends analysis to finding a flight is a request to execute the initial procedure.
242e2eb817d4b6b9073cdd452bec00d9,critical,What happens when the greedy approach doesn’t work for means-ends analysis anymore?,Means-Ends Analysis,Apply,Analyze,Analyze,Attributing,mid_order,medium,"They ask what happens when a greedy approach fails, which requires analyzing causes and alternative behaviors."
7bae83441af78bd76c34f8ab56d177bb,critical,What if the goal state is defined by a multiple of variables and they are sometimes in conflict with one another? How would means-analysis work in this scenario?,Means-Ends Analysis,Apply,Analyze,Analyze,Organizing,mid_order,medium,"They ask how means-ends analysis handles multiple conflicting goal variables, requiring organizing trade-offs and relationships."
8f0b71b9d94540fbb4f7cfbdbb663b5a,creative,How would I use means-ends analysis on trying to get a SWE job?,Means-Ends Analysis,Apply,Apply,Apply,Implementing,mid_order,high,"They request applying means-ends analysis to achieve a SWE job, which requires implementing the method in a concrete scenario."
41d03861a24531f0e1d0144653af6293,creative,How would I use means-ends analysis on how to colonize mars?\n\n\n,Means-Ends Analysis,Apply,Create,Create,Planning,higher_order,high,Applying means-ends analysis to colonizing Mars asks the student to construct a plan using the method.
3c1bfd4f1444a52d92e0d32422d60511,basic,Can you explain what default values are in Frames?,Frames,Remember,Understand,Understand,Explaining,lower_order,high,"They request an explanation of what default values are in frames, a conceptual understanding of the construct."
4d94f56d93bb60f453e7b9ae846d4b0c,basic,Explain what slots and fillers of a Frame is.,Frames,Understand,Understand,Understand,Explaining,lower_order,high,Explaining slots and fillers is a request for conceptual clarification of frame components.
d62d46348d6ea40bbbf0858d3b4f41e7,complex,"""I want to create a Frame for a given situation. After creating the Frame and populating the slots with default values, what should I do?""",Frames,Create,Apply,Apply,Implementing,mid_order,high,"They ask what concrete next steps to take after creating and populating a frame, which is an implementation question."
5eb82f0686cecb43fb13c07128796373,complex,"""I've instantiated a basic frame with nodes, and I populated each node with default values. How do I establish links/edges between each node?""",Frames,Apply,Apply,Apply,Implementing,mid_order,high,"The user asks how to establish links/edges after instantiating a frame, which is a procedural implementation step."
f7fe4bad7db1212cee53e683d71c7bc2,critical,What should I do if a Frame doesn't have all the slots I need to represent the object faithfully and completely?,Frames,Apply,Apply,Create,Planning,higher_order,medium,Deciding how to handle missing slots in a frame requires planning how to extend or revise the representation.
9d7e57098864dcd78e02b1c31f138a6f,creative,"""Could we adapt Frames to be a generalization of semantic networks? If so, how?""",Frames,Create,Create,Create,Planning,higher_order,medium,Adapting frames to generalize semantic networks requires planning a design that integrates or extends representations.
1ba46b124f58b27e259fbe3695813f55,creative,"""How can cases in case based reasoning be represented as frames? In case based reasoning, it is often required to retrieve past cases using a similarity metric. Describe a concrete similarity metric between two instantiations of a frame concept, where the slots in the given frame concept have fixed types and guaranteed to either be a finite discrete random variable, a continuous random variable, or another Frame with the same constraints.""",Frames,Understand,Create,Create,Generating,higher_order,high,Designing a concrete similarity metric for frames with mixed slot types requires creating domain-specific functions.
5caccbdae22b3046440ce164cb959523,complex,"""Will case-based reasoning be strong enough to tackle harder adaptation like a new filtering logic, not just the same filter with new input list? For example, “Filter a list to keep only numbers not divisible by three, preserving order”.""",Case-Based Reasoning,Create,Evaluate,Evaluate,Critiquing,higher_order,high,"They ask whether CBR is strong enough for harder adaptations, requiring critical assessment of the method's capabilities."
17c720f9ee211c5e0553280430b0143d,complex,"""In Evaluation and Storage, do we store fail solutions too (to not use it again in the future) or is it a waste of space?""",Case-Based Reasoning,Create,Evaluate,Evaluate,Checking,higher_order,high,"Asking whether to store failed solutions involves weighing costs and benefits, an evaluative judgment."
01f5b2c78532e9fcde8d519cdcf43217,critical,"""For the map example, there are millions possible starting point and destinations. This results in trillions possible trips. How do case-based reasoning account for that? Does it just save every possible routes?""",Case-Based Reasoning,Apply,Understand,Analyze,Organizing,mid_order,medium,"The student asks how CBR handles combinatorial explosion in routes, which requires explaining organizational/scaling strategies."
cd4294c4c0a161c5767bdd3da261e0b0,critical,Can adaptation and evaluation step stuck in an infinite loop like how gradient descent can stuck in local minima?,Case-Based Reasoning,Apply,Analyze,Analyze,Attributing,mid_order,high,Asking whether adaptation/evaluation can get stuck in infinite loops requires analysis of algorithmic dynamics and causes of non-termination.
5974b3bc0f15b6c97df661955244d3f3,creative,"""How does case-based reasoning deal with true infinity or near infinite value? For example, how would you tackle a question """"Is there a positive integer x such that x^4 divides by 3 leaves a remainder of 2?"""" (Note that there are infinite positive integers.)""",Case-Based Reasoning,Apply,Analyze,Analyze,Organizing,mid_order,medium,"The question asks how CBR handles infinite domains and what strategies organize reasoning over infinite instances, an analysis of approach."
552c264d04e064b8524806e31c23c788,basic,What is the main goal of Version Spaces,Version Spaces,Remember,Remember,Remember,Recalling,lower_order,high,"The question asks for the main goal of Version Spaces, which is retrieval of a core definitional concept."
eb58010586453b0c75ab754464d4a0bf,basic,What does it mean to generalize or specialize a hypothesis in Version Spaces,Version Spaces,Understand,Understand,Understand,Explaining,lower_order,high,The question requests a conceptual explanation of what generalize and specialize mean in Version Spaces.
9244a0934715e554a8a0bd2c5860338b,complex,"""If a new example is positive, how do the specific boundary and general boundary change step by step""",Version Spaces,Analyze,Understand,Apply,Executing,mid_order,high,"The student requests a step-by-step account of how S and G change for a positive example, a procedural execution of the algorithm."
67645a28681ffe4fef7cce6faa659078,complex,"""How do I decide whether to generalize, specialize, or remove a hypothesis after seeing new evidence""",Version Spaces,Evaluate,Understand,Apply,Implementing,mid_order,high,"Deciding whether to generalize, specialize, or remove a hypothesis is a procedural decision applied to new evidence."
fcf6e3855d632a3fbbe93a253c6132ff,critical,When does Version Spaces become hard to use or unreliable in real problems,Version Spaces,Analyze,Evaluate,Evaluate,Critiquing,higher_order,high,"They ask about conditions where Version Spaces becomes unreliable, requiring critique of limitations and failure modes."
f244c294eb623d5098fe7bae09580a29,critical,"""What assumptions does Version Spaces make about the training examples, and what happens if those assumptions are violated""",Version Spaces,Analyze,Understand,Understand,Explaining,lower_order,high,"They ask for the assumptions of Version Spaces and consequences of violations, an explanatory conceptual question."
3f57d474a72cc3bce0eaa7c98e2d9238,creative,How could Version Spaces be adapted if attributes were continuous instead of simple discrete values,Version Spaces,Apply,Create,Create,Planning,higher_order,high,"Adapting Version Spaces to continuous attributes requires designing new representations and methods, a planning task."
233c5ea59bff8fd957a34fb81426c89f,creative,How might Version Spaces be used in a real-world task like filtering job candidates or classifying emails,Version Spaces,Apply,Apply,Apply,Implementing,mid_order,high,"The student requests applying Version Spaces to concrete real-world tasks, which is an implementation/application question."
7850a110e544aa226d8a06c6b03a270d,basic,What is the high-level definition of the generate and test?,Generate & Test,Remember,Remember,Remember,Recalling,lower_order,high,Requesting a high-level definition of generate-and-test is a straightforward factual recall task.
3d40a66ed54cf47f1f8a7eae4ead5d6b,basic,What is the exit condition for a generate and test loop?\n,Generate & Test,Remember,Remember,Remember,Recalling,lower_order,high,Asking for the exit condition of a generate-and-test loop is a request for a basic procedural definition.
737418b91930e3a196691be32143a61c,complex,"""How does the relationship between the generator and the tester change when you have a """"dumb"""" generator versus a """"smart"""" generator?\n""",Generate & Test,Analyze,Understand,Understand,Comparing,lower_order,high,Explaining how the generator/tester relationship changes with a dumb versus smart generator is a comparative conceptual task.
3a546cb87dad244744cf1c6a4c25495b,complex,When would a generate and test approach be better than a more different problem solving method like means ends analysis?\n,Generate & Test,Analyze,Evaluate,Evaluate,Checking,higher_order,high,Comparing when generate-and-test is preferable to means-ends analysis requires evaluating trade-offs between methods under different conditions.
85a61a43bbdb90801c66254079bf924e,critical,"""What is the combinatorial explosion problem in generate and test, and at what point does this problem become so big that it is infeasible for a given problem?\n""",Generate & Test,Understand,Understand,Analyze,Organizing,mid_order,medium,Explaining combinatorial explosion and when it becomes infeasible requires analyzing how the search space grows and organizing complexity thresholds.
447df1374c340b19033d17bdc4ce7d56,critical,How would the generate and test procedure need to change if the tester was probabilistic and only right say 80% of the time?\n,Generate & Test,Apply,Create,Apply,Implementing,mid_order,high,"The student asks how to modify the generate-and-test procedure for a probabilistic tester, which requires applying changes to the procedure to handle uncertainty."
0ae5e3a7834d831b3c1d2a2f72b6289d,creative,"""How could we enhance the generate and test approach to include a """"learning"""" component so that if the generator ever produces a failed candidate, we avoid producing that same failed candidate in a future session?\n""",Generate & Test,Create,Create,Create,Generating,higher_order,high,Proposing an enhancement that learns from failed candidates requires generating a novel algorithmic component to modify the generator.
e06a741cd2036075bb0e3de2fece1971,creative,Imagine a scenario where the tester is extremely expensive to run. How should we re-design our system to minimize the total number of tests performed without missing the optimal solution?\n,Generate & Test,Create,Create,Create,Planning,higher_order,high,Designing a system to minimize expensive tests without missing the optimum requires planning a modified search/testing strategy.
ca15c360ee870416840dacba829a089e,basic,Could you explain the difference between the retrieving phase and the reusing phase in Case-Based Reasoning?,Case-Based Reasoning,Analyze,Understand,Understand,Explaining,lower_order,high,"The student requests clarification of the difference between two phases, which is a conceptual explanation task."
5e21718603de012f3620c1641d0cd618,basic,"""When trying to find a past case, how exactly does it define or measure the """"similarity"""" metric?""",Case-Based Reasoning,Analyze,Understand,Understand,Explaining,lower_order,high,"The question requests an explanation of how similarity is defined or measured, a conceptual clarification."
0e0ceb874edd78f2225d55b237936795,complex,How do the steps of case adaptation and evaluation interact if the newly adapted solution ends up failing when we try to apply it?,Case-Based Reasoning,Analyze,Analyze,Analyze,Organizing,mid_order,medium,"The student asks how adaptation and evaluation steps interact upon failure, which requires analyzing and organizing process feedback loops."
2d29f5195d7320d29e9f0cfbb09f53de,complex,"""Walk me through the multi-step reasoning process where once a past case is retrieved, how do I decide which specific adaptation method  to apply to it?""",Case-Based Reasoning,Apply,Analyze,Apply,Implementing,mid_order,medium,"The student asks for a multi-step decision process to choose an adaptation method, requiring procedural application of selection criteria."
aca10c29447ea3b01bc65522b5bea3d3,critical,"""What is the exact failure condition for this method? For example, what happens to the CBR process if the case library has absolutely no relevant cases for the new problem?""",Case-Based Reasoning,Analyze,Analyze,Analyze,Attributing,mid_order,high,"The student asks for the method's failure condition and its effects, requiring analysis of causes and consequences."
7d4acabf7c51bfaa84fc577d96fa5557,critical,"""Isn't there a major risk of retaining bad knowledge? How does the """"Retain"""" phase handle assumptions or prevent the system from storing a flawed adaptation that might ruin future retrievals?""",Case-Based Reasoning,Apply,Evaluate,Evaluate,Critiquing,higher_order,high,"The student asks about risks of retaining flawed knowledge and how retain-phase handles assumptions, demanding critical evaluation and critique."
74d2fa765b70300473faebaf6385a646,creative,"""What if we applied Case-Based Reasoning to a creative domain, like software development? How would the adapt phase work if I retrieved a past case written in Python but my current problem requires a solution in JavaScript?""",Case-Based Reasoning,Apply,Apply,Apply,Implementing,mid_order,medium,"The student asks how to adapt a retrieved solution from one programming language to another, requiring applied adaptation strategies."
d7629b1be736e2bb12c35cb460670be2,creative,"""Could you combine Case-Based Reasoning with other KBAI methods? For example, what if we used Rule-Based Systems to govern or improve the revise step of a CBR agent?""",Case-Based Reasoning,Create,Create,Create,Generating,higher_order,high,"The question asks about combining methods and designing hybrid approaches, which requires generating novel integrations."
4d39e7fa68669bfdd5e953c20c17dffd,basic,What is the goal of constraint propagation in problem solving?,Constraint Propagation,Remember,Remember,Understand,Explaining,lower_order,high,Asking for the goal of constraint propagation requests an explanation of its purpose in problem solving.
0c2f2f4d672c107e533ad1d57560d150,basic,"""What does it mean to propagate a constraint across variables? """,Constraint Propagation,Create,Understand,Understand,Explaining,lower_order,high,"The question asks for the meaning of propagating a constraint across variables, which requires an explanatory definition."
2fe03766696520503e759d3f2fd38800,complex,"""Walk me through how constraint propagation updates variable domains step-by-step when a new constraint is introduced. """,Constraint Propagation,Understand,Apply,Apply,Executing,mid_order,high,Walking through step-by-step domain updates is a request to execute the procedural application of constraint propagation.
0f73a1322429a98d4dd94b2eadbc2828,complex,"""How does constraint propagation interact with other problem-solving methods like generate-and-test? """,Constraint Propagation,Analyze,Understand,Analyze,Organizing,mid_order,high,Explaining how constraint propagation interacts with other methods requires analyzing and organizing relationships between techniques.
ee60826e9bb1303a0f22e8db03fcebfb,critical,"""What kinds of problems does constraint propagation struggle with or fail to solve efficiently? """,Constraint Propagation,Analyze,Evaluate,Analyze,Differentiating,mid_order,high,Identifying problem types where propagation fails requires distinguishing characteristics and analyzing applicability.
d50e0e7858bcf8ddfbfd2ac770dfa7cd,critical,What assumptions does constraint propagation make about constraints and variables?,Constraint Propagation,Analyze,Analyze,Understand,Explaining,lower_order,high,"The student asks for the underlying assumptions, which requires explaining the meaning and constraints of the method."
565299c926e3741734c69e38cd96c864,creative,How could constraint propagation be applied to solving Raven’s Progressive Matrices problems?,Constraint Propagation,Apply,Apply,Apply,Implementing,mid_order,high,Applying constraint propagation to a new domain (Raven's matrices) requires describing how to implement the method there.
35d7dafbf6a01b90aac54ea63e4d5e21,creative,What would change if constraints were probabilistic or uncertain instead of strict?,Constraint Propagation,Analyze,Analyze,Analyze,Attributing,mid_order,high,"The student asks how behavior changes under probabilistic constraints, requiring analysis of how uncertainty affects propagation."
5d3ae401c6898d9e08dbba1c0676c1ef,basic,"""What is an equivalence class in this lesson, and why is it useful for an intelligent agent?""",Classification,Remember,Understand,Understand,Explaining,lower_order,high,"They ask for the definition and usefulness of an equivalence class, which requires conceptual explanation."
7fd75d8124dcd661faa910acc7e7ab59,basic,How does grouping percepts into equivalence classes make action selection more efficient than storing one action for every possible percept combination?,Classification,Apply,Understand,Understand,Explaining,lower_order,high,Requesting how grouping into equivalence classes improves efficiency is an explanation of the concept's mechanism.
b71c80b31022c9b154018569f3c82bf4,complex,"""Why does classification break one very large percept-action table into many smaller and more manageable parts, and how does that change the way the agent reasons?""",Classification,Analyze,Understand,Understand,Explaining,lower_order,high,Duplicate: asking why classification breaks up the table and how reasoning changes requests conceptual explanation.
88eb857d183109f91ebf79e9087f174c,critical,What could go wrong if the agent places two percept patterns into the same equivalence class even though they should lead to different actions?,Classification,Apply,Evaluate,Evaluate,Critiquing,higher_order,high,"They ask what could go wrong if two patterns are misclassified together, which requires evaluating negative outcomes and risks."
cd9102009724bea008d6fdd1e7da962b,critical,Are there situations where using equivalence classes oversimplifies the problem and causes the agent to lose important information?,Classification,Analyze,Evaluate,Evaluate,Critiquing,higher_order,high,"They ask whether equivalence classes can oversimplify and cause information loss, requiring critique of the approach."
8c79ba0c8ac86ca1668da6e147b0fa68,creative,"""How could the idea of equivalence classes be applied to a real-world AI system such as self-driving cars, medical diagnosis, or fraud detection?\n""",Classification,Create,Apply,Apply,Implementing,mid_order,high,Mapping equivalence classes to real-world systems asks for applying the concept to concrete domains and implementations.
2c2f1ce05ef34483ab583e230b6b9946,creative,"""What would happen if an agent used multiple layers of equivalence classes, starting with broad concepts and then refining them into more specific subclasses before choosing an action?\n""",Classification,Apply,Analyze,Analyze,Organizing,mid_order,high,Predicting consequences of multilayer equivalence classes requires analyzing and organizing how layers interact and affect decisions.
d6fb9ade8909e5bd5821b7a47e3f6d47,creative,"""In Version Spaces II, I selected “Specialize” for the example [Kim’s, Lunch, Friday, Cheap, no], but it was marked incorrect. Why is “Specialize” the wrong step here?""",Version Spaces,Understand,Analyze,Analyze,Attributing,mid_order,high,"The student asks why 'Specialize' is wrong in a Version Spaces example, which requires analysis of the boundary update and attribution of the mistake."
de6a98cbfef935338efaa27aad91c9b3,creative,"""Given the current S boundary [Kim’s, Breakfast, Friday, Cheap, no], how should the hypothesis change after seeing [Kim’s, Lunch, Friday, Cheap, no]?""",Version Spaces,Analyze,Apply,Apply,Implementing,mid_order,high,Asking how the S boundary should change after seeing a new example requires applying the Version Spaces update to produce the new hypothesis.
35e813a4ceff19287c218214efefcd01,creative,What rule tells us when to generalize S versus specialize G in the Version Spaces algorithm?,Version Spaces,Understand,Remember,Remember,Recalling,lower_order,high,"The student requests the specific rule used to decide generalize vs specialize, which is recalling a stated algorithmic rule."
394c61d78c166be621f273885cabe52e,creative,"""In the Gibberish Sentences exercise, I selected choices 2, 3, and 6, but they were incorrect. Can you explain why these sentences are not grammatically correct?""",Constraint Propagation,Analyze,Analyze,Analyze,Attributing,mid_order,high,Explaining why sentences are not grammatically correct requires analyzing sentence structure and attributing specific constraint violations.
a09d5336f43f5c9603352c71bbcda1ce,creative,"""After eliminating choices 2, 3, and 6, how should I reason through the remaining sentences to determine which one or ones are grammatically correct?\n""",Constraint Propagation,Analyze,Apply,Analyze,Organizing,mid_order,high,"After eliminating options, the student asks how to reason through remaining cases, which requires organizing constraints and elimination steps."
38311f377051066bc4b4fcf217223b8f,basic,Does a version space always needs to start with a positive example?,Version Spaces,Analyze,Understand,Remember,Recalling,lower_order,high,"The student asks whether a version space must start with a positive example, a factual procedural question about initialization."
91712239c62359c9b93490ea89f4f547,basic,Can the specific model ever go back to being more specific or can the general model ever go back to being more general?,Version Spaces,Apply,Understand,Understand,Explaining,lower_order,high,"The student asks whether S and G can revert toward more specificity or generality, requiring explanation of version-space dynamics."
b9f15bbadee8d2e8a0e29eeec402bf16,complex,How do version spaces relate to case-based reasoning? Are version spaces a process of applying case-based reasoning?,Version Spaces,Analyze,Understand,Analyze,Comparing,mid_order,high,"The student asks how version spaces relate to case-based reasoning and whether one is a form of the other, requiring comparison of approaches."
e795d98c89681617675f76519f312021,complex,"""How do we know once we've narrowed down our version space enough? Do we look at the current layout of the frame, even if there are other variables at play that we don't know about?""",Version Spaces,Analyze,Evaluate,Evaluate,Checking,higher_order,medium,"The question asks how to judge when a version space is sufficiently narrowed, which requires applying criteria to make a judgment."
2b585fe308e31f6610565ab8aacbc45e,critical,Is it possible for a positive sample to be so specific that it requires no other examples to solve the model's understanding of a concept?,Version Spaces,Apply,Analyze,Analyze,Attributing,mid_order,high,"The student asks whether a single highly specific positive sample can suffice, requiring analysis of how specificity affects learning."
bf1c8ff8a20ae1b3f12fff243cdaeac2,critical,Is it possible for specifics not to be made and for the number of possible models to increase at too large of a rate for feasible use for some problems?,Version Spaces,Apply,Evaluate,Evaluate,Checking,higher_order,high,"The student asks whether lack of specifics can cause combinatorial explosion and infeasibility, which is a scalability judgment against criteria."
58b45f71d5b5bace0708b7689370f13e,creative,"""If there was a model that only had to keep track of one variable, would it be solved during the first positive example? Would this concept only allow one positive variable choice?""",Version Spaces,Apply,Analyze,Analyze,Attributing,mid_order,high,"The student asks whether a one-variable model is solved by the first positive example, which requires analyzing consequences of limited variable space."
a5d2d94f62480e87afba90a0d5fd1cca,creative,Is it possible for an example to be evaluated if not all of the variables are accounted for? Since a positive example that is missing the positive variable may be misattributed?,Version Spaces,Analyze,Analyze,Analyze,Attributing,mid_order,high,"The question probes evaluation with incomplete variable information and potential misattribution, requiring analysis of attribution errors."
66c38372b44c60dee8c1ad79d2a89331,basic,"""""""What are goals, states, and operators in the Planning skill, and how do they relate to each other?""""\n\n""",Planning,Remember,Understand,Analyze,Organizing,mid_order,high,"They ask how goals, states, and operators relate, which requires organizing and explaining the relationships among components."
8cd580676c3c5b9c317dd502bfc8a13b,basic,"""What is Partial Order Planning, and how does it differ from linear planning?""",Planning,Analyze,Understand,Understand,Comparing,lower_order,high,"They request a definition of partial order planning and how it differs from linear planning, a comparative understanding task."
778ed251416902b27a4dc0cfa8e88220,complex,How does detecting conflicts and resolving open preconditions work together in building a partial order plan?,Planning,Apply,Analyze,Analyze,Organizing,mid_order,high,"They ask how conflict detection and precondition resolution interact in building a plan, which requires organizing process interactions."
da066018b29b970ae7dd45e8e3b942f1,critical,What are the limitations of Partial Order Planning and under what conditions would it fail to find a valid plan or be computationally intractable?,Planning,Create,Evaluate,Evaluate,Critiquing,higher_order,high,"They ask about limitations and failure conditions of partial order planning, which requires evaluation against computational and domain criteria."
b3ed4ecc09c1eff4bf68bcae38d457c4,critical,Does Hierarchical Task Network planning always guarantee an optimal solution? What assumptions does it make that would cause it to fail?,Planning,Evaluate,Evaluate,Evaluate,Critiquing,higher_order,high,"They ask whether HTN guarantees optimality and which assumptions cause failure, requiring critical evaluation of the method."
4fb759e1c57b857c2fef551950cbfa5b,creative,"""Could Partial Order Planning be applied to a real-world task like planning a software development project? What would the operators, states, and goals look like?""",Planning,Apply,Apply,Apply,Implementing,mid_order,high,"They ask how to map partial order planning concepts to a real-world software project, an application of planning constructs."
d5ccda949f49d7f14ec0bda9442763bc,basic,What role do prepositions play in this?,Understanding,Understand,Understand,Understand,Explaining,lower_order,high,"The question requests an explanation of the function of prepositions in sentences, which is conceptual understanding."
7b95a1f4784cfa2adc578f9df6fa2a9f,basic,What does ontology mean again in AI?,Understanding,Remember,Remember,Remember,Recalling,lower_order,high,"The question asks for the meaning of 'ontology' in AI, a request for a factual definition."
a3a099c7cbcfd6ae8a9d3a68dbed2a79,complex,How do I create the ontology of something? Once I do how do I apply it to the actual sentence? How do I make sure that I am going down the right path?,Understanding,Create,Create,Create,Planning,higher_order,high,"Creating an ontology and applying it to sentences requires planning steps for design, mapping, and validation."
4791c66bfea46aed98586bfda3cd3047,complex,Let's say I am given this same sentence in real life. How do I break it down? What words are important what words are not? How do I know that?,Understanding,Analyze,Understand,Apply,Executing,mid_order,high,"The student asks for a practical method to break down a real-life sentence and identify important words, which is a procedural parsing task."
cbc655804ae1424dfedf3c39ebe282e0,critical,"""How does the thematic role work for incomplete sentences? What if I say """"Ashok make pancake, David ate""""""",Understanding,Analyze,Understand,Understand,Explaining,lower_order,high,"The student asks how thematic role assignment works with incomplete sentences, seeking an explanation of the mechanism and its limitations."
02af023b2e64bd723206d9002fa13f35,critical,"""In a dynamic real-world environment where verbs evolve or have slang, how does the system distinguish between a violation of an error and a new knowledge, especially if the ontology is static?""",Understanding,Analyze,Analyze,Analyze,Attributing,mid_order,medium,"The student asks how a system distinguishes error from new knowledge in a changing environment, which requires analyzing causes and criteria for attribution."
bcfc6a79366882f024ccf71df77e73b4,creative,"""If we were to extend this thematic role processor to a robot with visual sensors, how could we use perceptual """"anchors"""" to resolve verb ambiguity in real-time?""",Understanding,Apply,Create,Create,Generating,higher_order,high,Extending a processor to use perceptual anchors for ambiguity resolution requires generating design ideas for integration of perception and language.
3ccd88df4e8987018e1748d0c1e839f1,creative,"""What happens if we apply thematic role analysis to a sentence involving deception, where two parties have conflicting views of the event? Can multiple perspectives be contained in a frame?""",Understanding,Apply,Analyze,Analyze,Organizing,mid_order,high,The question about representing multiple perspectives and conflicting accounts requires analysis of how to organize frames to contain multiple viewpoints.
536453d8ee7d91e0f31e30663642acc7,basic,"""What is the goal of planning in AI, and how does it differ from simple problem solving?""",Planning,Analyze,Understand,Understand,Comparing,lower_order,high,"They ask what planning aims to achieve and how it differs from simple problem solving, which requires conceptual comparison."
e6e7bbf450443ad288f39d58230e3b99,complex,"""Given an initial state and a goal state, how does a planner decide which sequence of operators to apply, especially when multiple paths are possible?""",Planning,Analyze,Analyze,Analyze,Organizing,mid_order,high,"The question asks how a planner selects sequences among many paths, requiring analysis of search strategies, heuristics, and trade-offs."
52a375135142a0887a4e4afb81f0b26f,complex,Why does a planner sometimes fail even when a valid plan exists?,Planning,Evaluate,Analyze,Analyze,Attributing,mid_order,high,Asking why a planner can fail despite an existing valid plan requires analysis of planner limitations and causes of failure.
91f608d4130161112f4c6e7b004ff4e7,critical,"""Does planning always require explicit symbolic representations of states, or can it be done using subsymbolic methods?""",Planning,Apply,Understand,Understand,Comparing,lower_order,high,The question asks to compare symbolic and subsymbolic planning approaches and explain their differences.
6778d932a42de6bfee7320e679179137,critical,what are the limitations of each,Planning,Remember,Evaluate,Evaluate,Critiquing,higher_order,medium,"They ask for the limitations of each (presumably planning approaches), which requires critical evaluation and comparison of alternatives."
9f332ae08f6f5f7d539d3978c60eb36a,creative,How would planning change if the agent had to learn operators instead of being given them explicitly?,Planning,Apply,Analyze,Analyze,Organizing,mid_order,medium,"It asks how planning components and procedures would change if operators must be learned, requiring analysis of relationships and impacts."
a47e0f13a151529b9be0369e8aa2c1e0,creative,"""If planning were applied to solving Raven’s Progressive Matrices, how might operators and states be defined?\n""",Planning,Apply,Create,Create,Generating,higher_order,high,"The student requests a design mapping (defining states and operators) for applying planning to RPM problems, which is a generative design task."
c24e1593f58e45c2cf6c2a9536e39cc9,basic,What is a version space?,Version Spaces,Remember,Remember,Remember,Recalling,lower_order,high,This is a request for a definition or basic recall of what a version space is.
138732344a3f5250f9f181001b15b953,basic,What makes an abstract version space abstact?,Version Spaces,Analyze,Understand,Understand,Explaining,lower_order,high,Asking what makes a version space abstract calls for an explanation of defining characteristics.
3ea38e64b706d49d72af6eac27294efb,complex,"""If I have an abstract version space with specific model s and general model g, what should I do when I get some data d that is not covered by g?""",Version Spaces,Apply,Apply,Apply,Implementing,mid_order,high,"The student asks what action to take when data lies outside g, which requires applying procedures to the specific situation."
30b4e3d97807200db3d00b940f4f344a,complex,I just specified a general boundary g into g' and I generalized specific boundary s into s'. How do these two steps connect?,Version Spaces,Apply,Analyze,Analyze,Organizing,mid_order,high,Asking how a generalization step and a specialization step connect requires organizing the sequence and relationship between operations.
f743b406cce43cfeaa960ce178986438,critical,When might a Version Space not be effective at explaining the data?,Version Spaces,Apply,Evaluate,Evaluate,Checking,higher_order,high,"The student asks under what conditions a Version Space fails to explain data, which requires judging limitations against criteria."
3dd6b31e23b8cc7b7beef2508d02f96f,creative,"""What if I gave an example labeled positive, then gave the same example labeled negative?""",Version Spaces,Apply,Analyze,Analyze,Attributing,mid_order,high,Presenting a contradictory labeling scenario asks to analyze consequences and attribute the resulting inconsistency.
7e72628bc1bf548752a00f28876e205d,basic,What are Frames?,Frames,Remember,Remember,Remember,Recalling,lower_order,high,"This is a straightforward request for the definition of frames, a recall task."
c96ebad39d0742feb1c6d5c5bad2915b,basic,Why are frames useful in Knowledge Based AI?,Frames,Apply,Understand,Understand,Explaining,lower_order,high,"The question asks for reasons frames are useful, which is an explanatory conceptual task."
1386cb1760354f0f292a1aad677a926a,complex,What is the first step in creating a frame?,Frames,Remember,Remember,Apply,Executing,mid_order,high,"Asking for the first step in creating a frame requests a procedural action to begin a task, which is application of steps."
243415faedf28a02dffd2f165f41b398,critical,"""What assumptions do frames rely on about the structure and completeness of knowledge, and how do these assumptions break down in real-world scenarios with missing or ambiguous information?""",Frames,Analyze,Evaluate,Evaluate,Critiquing,higher_order,high,"This asks for the assumptions frames rely on and where they fail, requiring a critical assessment of their limits."
56fbab25e7976d1f733ff6e232d9a1f6,creative,"""How could frames be adapted to represent dynamic, real-time environments (e.g., autonomous driving or financial markets), where slot values are constantly changing?""",Frames,Apply,Create,Create,Planning,higher_order,high,"Adapting frames to dynamic real-time domains involves designing and planning structural changes, a generative task."
91e3547e7238e9c594d49f08d277ce31,creative,"""How could frame-based representations be combined with modern machine learning models (e.g., neural networks) to improve reasoning and interpretability?""",Frames,Create,Create,Create,Planning,higher_order,high,"Combining frame-based representations with ML requires designing an integrated approach, which is a creative planning task."
943236e5e43968e556aa1c541fcace9f,creative,"""For exercise Version Spaces II, I selected Specialize. Why is this the incorrect answer? And why is Generalize the correct answer?""",Version Spaces,Understand,Analyze,Analyze,Attributing,mid_order,high,"The student asks why their chosen action is incorrect and why the alternative is correct, requiring analysis of the state and attribution of the correct update."
0064520e78f0c2cb9e18616842d4111f,creative,Do you have insight into the quesiton that is being asked in 19.12 Exercise Version spaces II?,Version Spaces,Analyze,Understand,Understand,Interpreting,lower_order,medium,"The student asks for insight into a specific exercise, which is a request to interpret the question and its intent."
fcdfa10c82e2858bd993e624ca1895a3,creative,"""ok so the question being asked is if we should specialize or generalize our allergies. The positive example is Kims restaurant, the meal is lunch, the day is friday, the cost is cheap, and the meal is vegan. the most specific example from the previous question is Kims, breakfast, friday, cheap, not vegan. The questions is should we, as the person with the allergy, specialize our allergy report or generalize it? Why generalize here instead of specialize?""",Version Spaces,Create,Analyze,Understand,Explaining,lower_order,high,"The student asks why, in this allergy example, generalization is appropriate rather than specialization, which requires conceptual explanation."
bd8dec26d8357e03147c52146aa90769,creative,What are some key things to look for when evaluating if a sentance is grammatically correct?,Constraint Propagation,Analyze,Understand,Understand,Exemplifying,lower_order,high,"The student requests key things to look for when judging grammaticality, which entails explaining and exemplifying relevant criteria."
7cf16820c0798be69cd59da127c0d5d9,basic,"""What is Explanation-Based Learning, and how is it different from other forms of machine learning like inductive learning?""",Explanation-Based Learning,Analyze,Understand,Understand,Comparing,lower_order,high,"The student requests definitions and differences between EBL and inductive learning, which is a conceptual comparison."
f234f904348a57f973642deb10709c3c,complex,"""In EBL, the agent breaks the main goal into sub-goals like 'object is stable' and 'object enables drinking.' How does the agent decide what sub-goals to create, and what happens when a sub-goal itself requires further decomposition?""",Explanation-Based Learning,Analyze,Analyze,Analyze,Organizing,mid_order,high,Determining how sub-goals are chosen and decomposed requires analyzing and organizing the decomposition process.
1b5d00d348885def6f277a8f5e7c0eef,critical,"""EBL builds explanations entirely from prior background knowledge. What happens if that background knowledge contains a false or incorrect causal relationship — for example, if the agent wrongly believes 'flat bottom causes liftability'? Would EBL still produce a confident but wrong explanation?""",Explanation-Based Learning,Apply,Evaluate,Evaluate,Checking,higher_order,high,The question asks to judge whether EBL will produce confidently wrong explanations given incorrect background knowledge.
e9181071670a19117777713c7a1d3c13,critical,"""in the mug proof, the agent fails when no background example bridges 'limits heat transfer' to 'protects against heat.' Is this failure a fixable gap in knowledge, or does it reveal a deeper structural limitation of EBL — for instance, when there is no causal chain at all, only correlational data?""",Explanation-Based Learning,Analyze,Evaluate,Evaluate,Critiquing,higher_order,high,The question asks to judge whether a failure reveals a fixable knowledge gap or a fundamental limitation of EBL.
69dad74e4a317c25ef87eff15358d802,creative,"""Could Explanation-Based Learning be applied to explain why a smartphone might serve as a flashlight in a dark room? What prior background knowledge would the agent need, and what would the causal proof look like?""",Explanation-Based Learning,Apply,Create,Apply,Implementing,mid_order,high,Applying EBL to explain a smartphone-as-flashlight scenario asks for an implementation of the method on a specific example.
620cf144909e501e81acad1bc8738f37,creative,"""Lesson 17 mentions that EBL connects to planning and analogical reasoning. If an agent's background knowledge is incomplete — so a direct causal proof fails — could analogical reasoning be used to 'fill in the gap' and complete the explanation? How would that hybrid approach work?""""""",Explanation-Based Learning,Apply,Create,Create,Generating,higher_order,medium,"The student asks how to combine analogical reasoning with EBL to fill gaps, which requires proposing a novel hybrid approach."
bc971b1cfd5f579a4c058489c5b98313,basic,"""What is constraint propagation, and what problem is it trying to solve?""",Constraint Propagation,Remember,Remember,Remember,Recalling,lower_order,high,"This is a straightforward request for a definition of constraint propagation and its goal, a recall task."
45f425d56dac48dd4bbacff24390272b,basic,What does it mean to eliminate some value from some variable domain during constraint propagation?,Constraint Propagation,Understand,Understand,Understand,Explaining,lower_order,high,"This asks for the meaning of a specific term used in constraint propagation, a definitional explanation."
886c9c138ea8d79803ad6622603f4e14,complex,"""How do constraints propagate through multiple variables in some system, and how do I know when to stop the process?""",Constraint Propagation,Apply,Apply,Apply,Implementing,mid_order,high,"The student asks how propagation proceeds across variables and when to stop, which requires applying the propagation procedure and stopping criteria."
4d24612ac6f1e640e1c9bdc185dd5143,critical,When can constraint propagation fail to find any solution even if there exists one?,Constraint Propagation,Apply,Analyze,Analyze,Attributing,mid_order,high,"The question asks for conditions and reasons why an algorithm may fail despite a solution existing, requiring analysis of limitations."
ff07f6f5ab0666ea1a6a3a2021558a1f,critical,"""What assumptions does constraint propagation make about some problem, and what happens should those assumptions be violated?""",Constraint Propagation,Apply,Analyze,Analyze,Attributing,mid_order,high,Examining assumptions and consequences if violated requires analysis of the method's preconditions and effects.
e07214d44f1ec71f1eda6b6597804c82,creative,"""In Mass Effect, player choices affect which characters survive and what story paths become available. How could constraint propagation be used to track and update which outcomes are still possible based on earlier decisions?""",Constraint Propagation,Apply,Apply,Apply,Implementing,mid_order,high,"The question asks how to use constraint propagation to track possible outcomes in a narrative, which is an application of the concept."
94e6eb8b49ab54a874bb6f5ab44bb90f,creative,"""In Mass Effect, some missions or dialogue options are locked unless certain conditions are met (like loyalty or prior actions). What would happen if new constraints were added or removed during gameplay, and how would constraint propagation handle these changes?""",Constraint Propagation,Apply,Apply,Apply,Implementing,mid_order,high,"The student asks how dynamic game-state constraints would be handled, which involves applying constraint propagation to changing conditions."
d186a2eba120abeb8d844edc46eec192,basic,What are version spaces?,Version Spaces,Remember,Remember,Remember,Recalling,lower_order,high,"This is a basic request for the definition of version spaces, a recall-level question."
1122223adf1f3f174422be3230985566,basic,What is the step by step process for pruning hypotheses from the version space?,Version Spaces,Analyze,Apply,Apply,Executing,mid_order,high,Requesting a step-by-step pruning process asks for procedural execution of the version-space algorithm.
661b048fbc3368c7a9b6730c9bb84066,complex,""" “How does the ordering of which examples are presented determine the refinement process and the final version space? ”""",Version Spaces,Analyze,Analyze,Analyze,Organizing,mid_order,high,"The student asks how the order of examples affects the refinement process and final space, requiring analysis of process dynamics and organization."
05bb54de0a69df5fbe6b9ff95698a1c5,complex,How do changes to the specific model affect the boundaries of the general model over time?,Version Spaces,Analyze,Analyze,Analyze,Attributing,mid_order,high,"The student asks how updates to the specific model influence the general boundary over time, which requires analyzing their relationship."
05f89d8b5ffae71ed41d6cf84d757a95,critical,"""What happens if two opposing examples are presented in real-world datasets and the agent cannot resolve the contradiction? """,Version Spaces,Apply,Analyze,Analyze,Attributing,mid_order,high,Determining what happens when contradictory examples appear requires analysis of how the agent handles inconsistent evidence.
09adef2893bec4fa91669d6e02530e2e,critical,"""If there are false examples introduced earlier on, could the version space eventually recover after numerous refinements or do they permanently skew the version space?""",Version Spaces,Analyze,Analyze,Analyze,Attributing,mid_order,high,Asking whether early false examples permanently skew the space or if recovery is possible requires analysis of system dynamics and robustness.
31b28ef2199f493467141cd804692a54,creative,How might version spaces be applied to real-world medical scenarios?,Version Spaces,Apply,Apply,Apply,Implementing,mid_order,high,"The question asks for practical application of version spaces to medical scenarios, requiring applied reasoning about use cases."
4ac7b31a5c131735a3bf2f0665e859c5,creative,"""Instead of completely removing an inconsistent model, how would the refinement algorithm change if we assigned each model in the version space a validity score and reduced them when faced with new negative examples?""",Version Spaces,Apply,Create,Create,Planning,higher_order,high,Proposing an algorithmic modification (scoring hypotheses instead of removing) asks for designing a changed refinement algorithm.
efe464ac0327d892c65da623b31ae129,basic,What is the goal of diagnosis in terms of mapping data space to hypothesis space?,Diagnosis,Understand,Understand,Understand,Summarizing,lower_order,high,"The student asks for the goal of diagnosis in mapping terms, which is a request to summarize the core purpose."
d2f8684039aeec855f7bc3d2c3efdbf1,basic,What does it mean to perform abduction in a diagnosis task?,Diagnosis,Apply,Understand,Understand,Explaining,lower_order,high,"The question requests a definition/explanation of abduction within diagnosis, a comprehension task."
a7f6fdba73428046655ced5b6e907861,complex,How does the diagnosis process handle situations where one data point maps to multiple hypotheses?,Diagnosis,Apply,Understand,Understand,Explaining,lower_order,high,The student requests an explanation of how the process handles one-to-many mappings between data points and hypotheses.
6f7b3910f35b4e3da1ed2544eac6b7e2,critical,Why can diagnosis fail when data points interact or cancel each other out?,Diagnosis,Apply,Analyze,Analyze,Attributing,mid_order,high,"It asks for the causes of diagnostic failure when data interact or cancel, which requires attributing failure to interacting factors."
4c2283f01b2cecf5b08d257d0e646346,critical,What are the limitations of using diagnosis as a classification problem?,Diagnosis,Understand,Evaluate,Evaluate,Critiquing,higher_order,high,Asking about limitations of treating diagnosis as classification requires critical evaluation of the approach against criteria and trade-offs.
c6da2e549fb656d3a02c7e054a6663c8,creative,"""How could the diagnosis process be extended to design systems, like the chair example in the lesson?""",Diagnosis,Apply,Create,Create,Planning,higher_order,medium,Extending diagnosis to design systems asks for creating a planning approach to apply diagnostic ideas to design tasks.
69b060cd1628596c9a396315f64ef8c8,creative,How could diagnosis be used to solve problems like Raven’s Progressive Matrices?,Diagnosis,Apply,Create,Create,Planning,higher_order,medium,"The question asks the student to devise how diagnosis could be applied to a novel problem (Raven’s PM), which requires planning a solution approach."
be566743fde4e1fc6b2a6bb0c51e4700,basic,"""What is Case-Based Reasoning, and what are the main steps involved in the process?""",Case-Based Reasoning,Analyze,Understand,Remember,Recalling,lower_order,high,"The question asks for a definition and the main steps of CBR, which is factual recall."
c69ad984913dc887689a3cd569ddc753,basic,"""What does it mean to 'adapt' a retrieved case, and when is adaptation necessary?""",Case-Based Reasoning,Analyze,Understand,Understand,Explaining,lower_order,high,"The question seeks a conceptual explanation of adaptation and when it is necessary, which is understanding."
c451a8b9502fa94acb327979d416cf33,complex,How does the retrieval step interact with the adaptation step — what happens if the most similar case still requires significant modification to fit the new problem?,Case-Based Reasoning,Analyze,Analyze,Analyze,Attributing,mid_order,medium,"The student asks how retrieval and adaptation interact and consequences when heavy modification is needed, which requires analyzing dependencies and causes."
93d87550c2026884278be404f6a1bc9a,complex,"""How does Case-Based Reasoning decide when a retrieved solution has failed, and what happens next in the reasoning process?""",Case-Based Reasoning,Analyze,Apply,Understand,Explaining,lower_order,high,"The question asks for an explanation of the CBR process for detecting failure and subsequent steps, which is conceptual understanding."
406b1d87759095ae959949287207aeb3,critical,What are the limitations of Case-Based Reasoning when the case library is small or when the new problem is very different from any stored case?,Case-Based Reasoning,Analyze,Evaluate,Evaluate,Critiquing,higher_order,high,"The question asks to assess the limitations of CBR under specific resource and novelty constraints, a critical judgment."
25a47564035f409133a2c7a510564e74,critical,Does Case-Based Reasoning guarantee finding the correct solution? What assumptions does it rely on that might not hold in practice?,Case-Based Reasoning,Evaluate,Evaluate,Evaluate,Critiquing,higher_order,high,"The question asks for judgment about guarantees and underlying assumptions of CBR, which is a critical evaluation."
239f8cffd0990b4ba374c71670ecc31a,creative,Could Case-Based Reasoning be applied to creative tasks like writing or music composition? How would the retrieval and adaptation steps work in that context?,Case-Based Reasoning,Apply,Apply,Create,Planning,higher_order,medium,"The student asks how to apply CBR to creative tasks and how retrieval/adaptation would work, which asks for a design/plan for a novel application."
286db01d2a9b7b288aa1e52e8379cfcb,creative,What would happen if two retrieved cases conflict when adapted — is there a way to combine partial solutions from multiple cases?,Case-Based Reasoning,Create,Analyze,Create,Generating,higher_order,medium,"The student asks whether and how partial solutions from conflicting cases can be combined, which calls for generating integration strategies."
6235c78c6a2adf6b6607d17583b1de57,basic,"""How does a smart tester interact with a generator over multiple iterations, does it only evaluate final answers, or can it guide intermediate steps?""",Generate & Test,Analyze,Understand,Understand,Interpreting,lower_order,medium,"The question asks how a smart tester interacts with a generator over iterations, which requires interpreting the interaction dynamics."
a2e3679eec3c995c65941b70f835e5c3,basic,What are the limitations of a smart tester if the evaluation criteria are incomplete or incorrect? Can it still reliably select the right answer?,Generate & Test,Evaluate,Evaluate,Evaluate,Checking,higher_order,medium,"The student asks for judgment about limitations when evaluation criteria are incomplete, which is an evaluative check."
8ac29cda51ba3df4193a0e7aec4b38ed,complex,"""How could a smart tester be extended to not just evaluate answers, but also refine or improve the generator itself over time?""",Generate & Test,Create,Create,Create,Planning,higher_order,medium,"The student asks how to extend a tester to refine the generator over time, which requires designing or planning an enhancement."
05b7a6c5afd2dced873821448a10c259,complex,"""What is a “smart tester” in the generate-and-test method, and how does it differ from a basic tester?""",Generate & Test,Analyze,Understand,Understand,Comparing,lower_order,high,"The student asks for what a smart tester is and how it differs from a basic tester, requiring comparison and conceptual understanding."
646379a01c8bff8aeee2c491312ab6fe,critical,"""In the context of Raven’s Progressive Matrices, what criteria does a smart tester use to evaluate whether a generated candidate is correct?""",Generate & Test,Evaluate,Understand,Understand,Explaining,lower_order,high,Asking what criteria a smart tester uses in Raven's Matrices requires explanation of evaluation criteria.
930f93fd168f08cc32eb0eac98c1e3f6,basic,"""What does “generate and test” mean in this lesson, and what are the two main parts of the method?""",Generate & Test,Understand,Understand,Remember,Recalling,lower_order,high,"The student asks for the basic definition and the two main parts of the method, which is a factual recall task."
3aa8b932e84cabc778ad8e9073e08751,basic,What makes a generator “smart” versus just generating possibilities at random?,Generate & Test,Create,Understand,Analyze,Comparing,mid_order,high,"The student asks what distinguishes a 'smart' generator from random generation, which requires comparing properties and strategies."
8f1afd5dba75a940cbdac0c70b648044,complex,"""When solving a Raven’s Progressive Matrices problem, how do the generator and tester work together step by step to narrow down the answer choices?""",Generate & Test,Apply,Apply,Apply,Executing,mid_order,high,Requesting a step-by-step account of generator and tester interaction is asking for the execution of a procedural method.
8c9da33477ee9567495ccda89c168e6d,complex,"""If the generator produces several candidate answers that seem plausible, how should the tester compare them and decide which one best fits the pattern?""",Generate & Test,Apply,Evaluate,Evaluate,Checking,higher_order,high,"The question asks how to compare and choose among plausible candidates, requiring judgment based on criteria."
fefd1e60ee5f23ade9f697346b8ce201,critical,What are the weaknesses of the generate-and-test method if the search space becomes very large or the problem is poorly constrained?,Generate & Test,Analyze,Analyze,Evaluate,Critiquing,higher_order,high,Identifying weaknesses when search spaces grow or constraints are weak requires critical evaluation of the method's limitations.
fbbd4c2101f432a5e7920fa09fad9c4f,critical,"""How can the method fail if the generator is complete but not efficient, or if the tester is efficient but not accurate enough?""",Generate & Test,Apply,Analyze,Analyze,Attributing,mid_order,high,"The student asks how the method can fail under particular deficiencies, which requires analyzing failure modes and attributing causes."
ec1da6b40fcc66e3eef1dc0cee81dd01,creative,"""How could I improve the generate-and-test method by combining it with another strategy, like semantic networks or rules about transformations?""",Generate & Test,Create,Create,Create,Generating,higher_order,high,"Combining generate-and-test with other strategies asks for novel hybrid designs, a generative creation task."
5212c0acb339c2458ea5cc3c8dd2ccad,creative,"""Could generate and test be adapted to solve a different kind of AI problem beyond Raven’s matrices, such as planning, debugging, or game playing?""",Generate & Test,Create,Create,Create,Generating,higher_order,high,"Adapting generate-and-test to other problem domains asks for novel applications and design ideas, a generative task."
723b19f7fd6bf016f3be85b4c3b13dfb,basic,"""What is a thematic role, and what are some examples of thematic roles used in sentence understanding?""",Understanding,Analyze,Understand,Remember,Recalling,lower_order,high,"They request the definition of a thematic role and examples, a straightforward recall/definition question."
fa0e19ce84107e6ae07b5ec84b204eaa,basic,"""In the sentence 'Proff Ashok made pancakes for David with a griddle,' how do you identify which word fills each thematic role like agent, beneficiary, and instrument?""",Understanding,Analyze,Understand,Apply,Executing,mid_order,high,Identifying thematic roles in a concrete sentence is a procedural application of role-assignment rules.
4897f0655f011d81a5a9637aca741631,complex,"""When a sentence uses the preposition 'by,' how do you decide whether it signals an agent, a conveyance, or a location? Walk me through the reasoning step by step using an example.""",Understanding,Analyze,Understand,Apply,Executing,mid_order,high,"They request a step-by-step decision process for interpreting 'by' in context, which is applying reasoning to examples."
3f6db16fb778df071392aec223f94f08,complex,How do thematic role frames help resolve lexical ambiguity in sentences like 'I took the candy from the baby' versus 'I took an aspirin for my headache'? How does the frame selection process work?,Understanding,Analyze,Understand,Understand,Explaining,lower_order,high,"The question asks how thematic role frames resolve lexical ambiguity and how frame selection works, requiring explanatory understanding."
83388e5a6f257db4ccd1d20064ee3132,critical,"""What happens when a sentence is genuinely ambiguous and the prepositional constraints and ontological knowledge still don't narrow it down to a single thematic role frame? Does the system fail, or does something else happen?""",Understanding,Analyze,Understand,Analyze,Attributing,mid_order,medium,"The question probes system behavior under genuine ambiguity and possible outcomes, requiring analysis of system responses and causes."
dda6f36b9852332ba4f9fb843e3ed17d,critical,Thematic role frames assume verbs have a fixed set of meanings that can be enumerated in advance. But language evolves and people use words in novel ways. How does this approach handle a use of 'take' that doesn't match any of its predefined frames?,Understanding,Apply,Understand,Analyze,Attributing,mid_order,high,"They ask how the approach handles novel verb uses, requiring analysis of fallback behaviors and attribution of failure modes or remedies."
e0e7ed6ba8bcdd0670db224008743e24,creative,"""Could thematic role systems be used to understand visual scenes, not just sentences — for example, identifying who is doing what to whom in an image? How might that work?""",Understanding,Apply,Create,Create,Planning,higher_order,high,"Applying thematic role systems to visual scene understanding asks for a design of cross-modal methods, a creative planning task."
827bae3ff84ebd48a2ba81beba32d68a,basic,What is a lexicon/ node?,Semantic Networks,Remember,Remember,Remember,Recalling,lower_order,high,"They ask for the definition of a lexicon/node, which is a factual recall question."
8ce16ee1b71a1cd6c4aa630e5d26b8db,basic,What do the nodes and edges represent in a semantic network?,Semantic Networks,Remember,Remember,Understand,Explaining,lower_order,high,Asking what nodes and edges represent requires explaining the semantics of the representation.
24656e5dec6da4ed019f6933eaacce21,complex,"""If I had multiple semantic networks and I wanted to relate these into one larger one, how should I go about it?""",Semantic Networks,Apply,Apply,Apply,Implementing,mid_order,high,Combining multiple semantic networks into one larger one asks for a method to implement integration.
2354fcd850c3691cf4c4d23798ec7f59,complex,Whats the problem with making relationships too specific?,Semantic Networks,Understand,Understand,Evaluate,Critiquing,higher_order,high,"The student asks about problems from overly specific relationships, which requires evaluating drawbacks and trade-offs."
4ed101fd08703322409ede4b41742b15,critical,"""What if in combining two semantic networks, two nodes are very similar but they should be treated as different?""",Semantic Networks,Create,Analyze,Analyze,Differentiating,mid_order,high,Again asking about similar-but-distinct nodes in merging networks requires identifying criteria to differentiate them.
f7d63d2d1597520bc8335b25dd1a2f6c,critical,What if a relationship in a semantic network cannot be represented well as the type of relationship does not actually exist in the agent's vocabulary?,Semantic Networks,Apply,Analyze,Analyze,Organizing,mid_order,medium,Asking what to do when a relationship cannot be represented in the agent's vocabulary requires organizing alternative representational strategies.
2e3f03ffc603a4171e8badf6ae15f08f,creative,How can semantic networks be combined with frames to represent knowledge,Semantic Networks,Apply,Apply,Apply,Implementing,mid_order,high,"The student asks how to integrate semantic networks with frames, which requires proposing an implementation approach."
32e17e3e60a4c32200b579c01189f869,creative,Are there alternative knowledge representations that can accomplish what a semantic network accomplishes?,Semantic Networks,Create,Understand,Evaluate,Comparing,higher_order,high,"They ask whether alternative representations can accomplish the same goals, requiring comparison and judgment of options."
892e212592765765993e22799de4d385,basic,"""What is the basic idea of Version Spaces, and what problem does it address in machine learning?""",Version Spaces,Remember,Understand,Understand,Summarizing,lower_order,high,"The student requests the basic idea and addressed problem, which is a summarization-level understanding query."
de24320da0152ecbeb643cc43f12380e,basic,"""What does it mean to specialize a hypothesis in Version Spaces, and when does this occur in the algorithm?""",Version Spaces,Create,Understand,Understand,Explaining,lower_order,high,This is a request to define and clarify what specialization means and when it occurs in the algorithm.
1dbfbe1d3f5936f8e77fc1ed62355b3e,complex,How do S-boundary and G-boundary work together to reduce the version space over multiple training examples? Take me through how both boundaries change when given a positive and a negative example.,Version Spaces,Analyze,Analyze,Apply,Implementing,mid_order,high,Walking through how S and G change with positive and negative examples asks for step-by-step application of the candidate-elimination procedure.
1294e07522b99c97a978624d4b29ab3a,complex,Why does the candidate elimination algorithm need both generalization and specialization? What would happen if only generalization were used?,Version Spaces,Apply,Analyze,Analyze,Attributing,mid_order,high,Explaining why both generalization and specialization are needed and consequences of omitting one requires analysis of their complementary roles.
5e56e4c618fc2c0817dfe621cf19eee9,critical,"""You said that the version space collapses when no hypothesis is consistent with all examples. But what if the problem is that the training examples are incorrect in the first place? How does Version Spaces deal with this problem, and is this really a problem?""",Version Spaces,Apply,Evaluate,Evaluate,Critiquing,higher_order,high,This question challenges the robustness of the algorithm to noisy or incorrect training data and requires critical judgment of the approach.
2c9dbfdde82ff603ddb876dccbcd3dbc,critical,How does the algorithm choose the hypotheses that remain? Doesn't the assumption of the hypothesis space itself bias the algorithm? Doesn't Version Spaces overlook the bias of the hypothesis space assumption?,Version Spaces,Analyze,Evaluate,Evaluate,Critiquing,higher_order,high,Questioning hypothesis-space bias and whether the algorithm overlooks bias is a critique of the method and its assumptions.
ccd120125a5b8b4ed0c1433e298e6c3b,critical,"""If the version spaces converge to a single hypothesis, does that mean that the algorithm has actually discovered the correct concept? Underlying assumptions of the algorithm's conclusions: are they true? """,Version Spaces,Analyze,Evaluate,Evaluate,Critiquing,higher_order,high,"The student asks whether convergence implies correctness and questions underlying assumptions, which requires judging the algorithm against criteria and assumptions."
56ae7a7a7e7a7d56d9b35304ec2267b0,creative,What if the training examples had been presented in a different order? Would the version spaces be the same or different? Does the order of the training examples matter?,Version Spaces,Analyze,Analyze,Analyze,Inferring,mid_order,high,"The student asks about the effect of example ordering on the final version space, requiring inference about algorithmic properties and dynamics."
aa5d7a03aa61379f7044ecb99a17fd98,creative,"""Is it possible to use the Version Spaces algorithm for something other than classification problems? For instance, how would the algorithm be applied to the task of learning a procedural task like how to cook a recipe?""",Version Spaces,Apply,Create,Create,Generating,higher_order,high,Applying Version Spaces to procedural tasks like recipes asks for generating a novel adaptation of the algorithm to a new problem type.
309821856eeeb071edef490b9571a2db,basic,What is analogical reasoning?,Analogical Reasoning,Understand,Remember,Remember,Recalling,lower_order,high,"The student requests a definition of analogical reasoning, which is a recall of factual knowledge."
3fe46adb4230532ab5e4aa1da22437ca,basic,What are the main steps involved in analogical reasoning?,Analogical Reasoning,Analyze,Understand,Understand,Summarizing,lower_order,high,Requesting the main steps of analogical reasoning asks for a concise summary of the process.
56063e7cac276f4c5cb33e5477de0311,complex,"""If there are multiple similar cases, how does the agent know which one it needs to pick?""",Analogical Reasoning,Analyze,Analyze,Analyze,Organizing,mid_order,high,Determining how an agent selects among similar cases requires organizing selection criteria and relationships between candidates.
0211812a89d1281a6e882570655d7c09,complex,"""How does the agent know what transformations need to be applied to the past case to make it suitable for the present case? """,Analogical Reasoning,Apply,Analyze,Analyze,Attributing,mid_order,high,Determining how an agent chooses transformations to adapt a past case requires analyzing the mapping and attributing which transformations are needed and why.
49ad83fbe415bfb1410991b8bab92e56,critical,When can analogical reasoning give us wrong answers?,Analogical Reasoning,Create,Analyze,Analyze,Attributing,mid_order,high,Asking when analogical reasoning fails requires identifying conditions that cause errors (attributing causes).
15b33e4cb70a6415427edf0e7aed4792,critical,What are some common assumptions does analogical reasoning make?,Analogical Reasoning,Understand,Understand,Understand,Explaining,lower_order,high,Listing common assumptions of analogical reasoning requires explaining the conceptual foundations and typical simplifications of the method.
fb7a74ea217ff27cf281628afef15187,creative,How can we combine analogical reasoning with other procedural skills? Pick any one other procedural skill and share how?,Analogical Reasoning,Create,Create,Create,Generating,higher_order,high,Combining analogical reasoning with another procedural skill asks for generating a novel integration or approach.
6cbb14ef2f93e837f95a319314f2be49,creative,How can we use analogical reasoning in domains other than just visual puzzles?,Analogical Reasoning,Apply,Apply,Apply,Implementing,mid_order,high,Asking how to use analogical reasoning in other domains requests applying the method to new situations.
a865b920d67557f358c730fd114cfc25,basic,what are semantic networks?,Semantic Networks,Remember,Remember,Remember,Recalling,lower_order,high,"This is a straightforward request for the definition or basic facts about semantic networks, i.e., retrieval of knowledge."
591ef69ac57cf7e155b0fb7bd8084687,basic,What is the structure of semantic networks?,Semantic Networks,Remember,Understand,Understand,Explaining,lower_order,high,Asking about the structure of semantic networks requests an explanation of their components and organization.
9f2c8fc7fc28dbf2786d61d11a238733,complex,"""How do I build a semantic network for a figure in RPM that contains an empty circle in the bottom left corner, a smaller empty diamond within the empty circle, and a small filled circle on the top right?""",Semantic Networks,Create,Apply,Apply,Implementing,mid_order,high,"The student requests step-by-step construction of a semantic network for a specific figure, a procedural implementation task."
d5fd1d22dab3cc4708a480198374e1a7,complex,"""I want to build a semantic network for a 2x2 RPM problem. Figure A contains an empty circle in the bottom left corner, a smaller empty diamond within the empty circle, and a small filled circle on the top right. Figure B contains an empty circle in the bottom left corner and an empty large diamond on the top right corner. How do I build a semantic network that represents the change from A to B?\n\n\n""",Semantic Networks,Create,Apply,Apply,Implementing,mid_order,high,"The student requests building a semantic network that captures a specific transformation between two figures, a procedural construction task."
160d077f87b55906ce23a80d4d7f4b1f,critical,"""In building a semantic network for a 2x2 RPM problem, how do I know when to identify an element in figure B as an added element that did not exist in figure A, as opposed to it being the same element as in figure A but just in a different location?""",Semantic Networks,Analyze,Analyze,Analyze,Differentiating,mid_order,high,"The student asks how to distinguish whether an element is newly added or the same moved, requiring analysis of differences between figures and element identities."
1ceed95ef127ffca87f4d7528b6e1f1f,critical,"""In constructing a semantic network for a single RPM, how do I know which fea-tures are important to record for a shape, such as their fill, location, size, etc.? I ask this because there are many possible features and not all of them might be relevant to the problem.\n\n\n""",Semantic Networks,Apply,Analyze,Understand,Classifying,lower_order,medium,"The question asks which shape features are important, requiring classification of features as relevant or irrelevant to the problem."
e3c9b31b17fb6b5000fb705db16144ed,creative,"""Does it make sense to apply semantic networks to represent concepts learned in a class, and how feasible would it be to do so?""",Semantic Networks,Create,Evaluate,Evaluate,Critiquing,higher_order,high,"The student asks whether it's sensible and feasible to apply semantic networks to class concepts, requiring a critical evaluation of pros and cons."
129bde10d159cded16cbb40e17e9b193,basic,How does the context space act as a constraint in Explanation based learning?,Explanation-Based Learning,Apply,Understand,Understand,Explaining,lower_order,high,"They ask how context space functions as a constraint in EBL, which is a conceptual explanation of the role of context."
dc9cac2d1b2c6c5ca989121ebc152ef0,basic,"""What does abstraction mean in EBL and how can it be used to generalize from a simple example, such as the one with the cylindrical shape?""",Explanation-Based Learning,Create,Understand,Understand,Explaining,lower_order,high,"This asks for the meaning of abstraction in EBL and how it aids generalization, which is conceptual explanation."
5c1069d6c9f6313fbd2f5c1959c0fdb3,complex,How does Explanation-Based Learning transform a single training example into a generalized rule step-by-step?\n,Explanation-Based Learning,Apply,Understand,Understand,Explaining,lower_order,high,"The student requests a step-by-step explanatory description of the EBL generalization process, which is conceptual understanding."
3496256698dbbc04b45731cb1210756d,complex,How do concept space constraints influence the transfer process in Explanation-Based Learning?,Explanation-Based Learning,Analyze,Understand,Analyze,Attributing,mid_order,high,"The question asks how concept-space constraints affect transfer, requiring analysis of causal relationships in EBL."
e48d9618f2f1d93129aff282e14ac5c5,critical,What happens if the domain theory used in Explanation-Based Learning is incorrect or incomplete?,Explanation-Based Learning,Apply,Analyze,Analyze,Attributing,mid_order,high,"They ask about consequences of incorrect/incomplete domain theory in EBL, requiring analysis of resulting failures."
1ffc42e90f35375bab20c5235e4ee545,critical,Is it possible for EBL to give an incorrect abstraction even when the correct concept space is given? Give me an example of this,Explanation-Based Learning,Understand,Create,Evaluate,Checking,higher_order,medium,"They ask whether EBL can produce incorrect abstractions despite a correct concept space and request an example, requiring evaluative judgment and illustration."
9aeb976c6b6464f6297685f68300597d,creative,How can analogical transfer be incorporated into Explanation-Based Learning to improve generalization across domains?,Explanation-Based Learning,Apply,Create,Create,Generating,higher_order,high,"The student asks how to incorporate analogical transfer into EBL, which requires generating a new method or design."
d79025059052fd44bfa05f14f5db1ded,creative,"""In a food delivery robot scenario, how would Explanation-Based Learning use concept space and abstraction to distinguish between a delivery destination and an obstacle? Provide a concrete example and explain the reasoning process.""",Explanation-Based Learning,Apply,Apply,Apply,Implementing,mid_order,high,"The student asks for a concrete EBL example applied to a robot scenario, requiring application of concepts to a situation."
6588e78e5b1f25fe5b4733387ae71202,basic,"""What is incremental concept learning, and what problem is it trying to solve?""",Incremental Concept Learning,Analyze,Understand,Understand,Explaining,lower_order,high,Requesting what incremental concept learning is and the problem it solves asks for an explanatory understanding.
d71c0e42a18659829bce476a08457da7,basic,"""What are the roles of generalization, specialization, and “do nothing” when a new example is encountered?""",Incremental Concept Learning,Analyze,Understand,Understand,Explaining,lower_order,high,"The question requests an explanation of the roles of the three operations when a new example arrives, which is conceptual understanding."
29347f55e09055d1fcc8a207503ca9c2,complex,"""Given a sequence of positive and negative examples, how does incremental concept learning update the current concept step by step?""",Incremental Concept Learning,Apply,Understand,Understand,Summarizing,lower_order,high,Describing the step-by-step update process for incremental concept learning is a request to summarize the procedure.
bc0b8f4b53fb86927322ed9cf19ddb79,complex,How do variabilization and background knowledge (like is-a relationships) interact with generalization and specialization during concept learning?,Incremental Concept Learning,Analyze,Analyze,Analyze,Organizing,mid_order,high,"They ask how multiple mechanisms interact, which requires organizing relationships among variabilization, background knowledge, and generalization/specialization."
629407864aa68af20f9541eabf6de1cf,critical,"""What are the limitations of incremental concept learning when dealing with noisy or contradictory examples? """,Incremental Concept Learning,Analyze,Analyze,Evaluate,Critiquing,higher_order,high,Discussing limitations with noisy or contradictory examples requires critiquing the method and its robustness.
79e53b0f9f526bce2ba8b84f7fdd6fb4,creative,"""How could incremental concept learning be extended to handle real-world data like images or continuous features instead of symbolic structures? """,Incremental Concept Learning,Create,Create,Create,Generating,higher_order,high,Extending incremental learning to real-world continuous or image data requires generating new representation and processing approaches.
70010925449c844dfdfda628413f0a62,creative,How would you design an agent using incremental concept learning to solve Raven’s Progressive Matrices?,Incremental Concept Learning,Create,Create,Create,Planning,higher_order,high,Designing an agent to solve RPMs entails planning a novel system architecture and procedure.
33cfd721db7411e84e32bcd3b8e357ea,critical,""" Since semantic networks rely on informal, user-defined link labels, what problems can arise when two people build separate networks for the same domain using different relationship names, and what does this reveal about the model's assumptions?\n""",Semantic Networks,Analyze,Analyze,Analyze,Attributing,mid_order,high,"They ask what interoperability problems arise when different networks use different relation names, requiring analysis of causes and assumptions."
9ad211126b240871971437e308c506a2,creative,"""How could you extend a semantic network to represent uncertainty or degree, for example that a bat is """"somewhat"""" a bird in folk taxonomy?""",Semantic Networks,Apply,Create,Create,Generating,higher_order,high,"Extending a semantic network to represent degrees of membership asks for a designed extension, a generative design task."
831241bec90a83b9ab4ecb27508938f7,creative,"""Could a semantic network be used to model a character's evolving beliefs across a story, where nodes and links change or are removed as the plot progresses? """,Semantic Networks,Apply,Create,Apply,Implementing,mid_order,medium,"They ask whether semantic networks can model evolving beliefs, which is about applying the model to a dynamic use case and discussing implementation issues."
74d4efa7d71327b562fd6a6775064935,basic,What is the main goal of incremental concept learning?,Incremental Concept Learning,Remember,Understand,Remember,Recalling,lower_order,high,"The student asks for the main goal of the learning approach, which is a factual/conceptual recall."
c1d3e63887aba1c342810b01294ef2ed,basic,What does it mean to generalize or specialize a concept during incremental concept learning?,Incremental Concept Learning,Create,Understand,Understand,Explaining,lower_order,high,"The student asks for the meaning of generalize and specialize in this context, a conceptual explanation task."
3d388e634112382b34b997141a25c7a3,complex,"""If I receive a new positive example that is not covered by my current concept, what should I do next, and why?""",Incremental Concept Learning,Create,Apply,Apply,Implementing,mid_order,high,"The student asks what procedural update to make when a new positive example is uncovered, which is an implementation question."
d92d75e825597b44eca2d69bd13b454d,complex,How does incremental concept learning change over time as more positive and negative examples are added?,Incremental Concept Learning,Analyze,Understand,Understand,Explaining,lower_order,high,"The question asks how the concept representation evolves as examples accumulate, requiring an explanatory description."
7c3504bf5b8a003a2076fe295014c062,critical,"""What assumptions does incremental concept learning make about the examples or hypothesis space, and when might those assumptions break?""",Incremental Concept Learning,Analyze,Analyze,Analyze,Attributing,mid_order,high,"The question asks to identify assumptions and when they break, which requires attributing conditions that affect the method."
0ee2ee550afa856e5355db04f9902c9c,critical,Can incremental concept learning fail or become misleading if the data contains noise or mislabeled examples? Why?,Incremental Concept Learning,Apply,Analyze,Analyze,Attributing,mid_order,high,"The question asks how noise or mislabeled examples cause failures, requiring attribution of causes to observed effects."
ae7ceace9014de38e8c2a60758f3385a,creative,How could incremental concept learning be adapted for a real-world task like email spam filtering or medical diagnosis?,Incremental Concept Learning,Create,Create,Create,Planning,higher_order,high,Adapting incremental learning to real-world applications requires planning how to modify and implement the method in new contexts.
94e50c0b55157d6a234a6cae39c77f8a,creative,What would change if the concept had to be learned from continuous features instead of simple symbolic attributes?,Incremental Concept Learning,Create,Analyze,Analyze,Attributing,mid_order,high,"The student asks how using continuous features would change learning, requiring analysis of how components and procedures must adapt."
edf6b484846f95ba3d6822c17b67e8dc,basic,I want to understand better the concept of incremental concept learning. How does the agent go about learning in this way?,Incremental Concept Learning,Analyze,Understand,Understand,Explaining,lower_order,high,"They ask how an agent performs incremental concept learning, which calls for a step-by-step conceptual explanation."
1bbf5b113196ffe04f97386e1e3f9a73,complex,"""When should I use incremental concept learning over version spaces? """,Incremental Concept Learning,Apply,Evaluate,Evaluate,Checking,higher_order,high,Asking when to use one learning method over another requires judging applicability based on task criteria and constraints.
5f23a319fe30f3ea087659c605f9cc5b,critical,"""I have an agent I am trying to build. It needs to recognize a transformation direction in the 3x3 RPM problems. The transformations can take place row-wise, column-wise, diagonally, and radially from the center. The transformations can take the form of sequential transformations along these directions or the result of combining 2 prior images to produce a 3rd. So the transformations could need 2 or 3 images in a given direction to describe. How could I construct an incremental learning concept of transformation direction?""",Incremental Concept Learning,Create,Create,Create,Planning,higher_order,high,"They ask how to construct an incremental learning concept for transformation direction, which requires planning a novel representation and learning approach."
3ff61bf9477c69145dd284d0fd111d55,creative,"""When should I use incremental concept learning over constraint propagation """,Incremental Concept Learning,Apply,Evaluate,Evaluate,Checking,higher_order,high,"They ask when to prefer incremental concept learning over constraint propagation, requiring evaluation of methods against task requirements."
f44f558c95ba260e3da8ba3907a6535a,creative,"""I am considering the most applicable and useful thing incremental concept learning can help me with in the RPM problem. Aside from directionality, what portions of the problem could using incremental concept learning help me with if any?""",Incremental Concept Learning,Create,Understand,Analyze,Organizing,mid_order,high,"The student asks which parts of the RPM problem incremental learning could help, requiring organization of the problem into subproblems and mapping methods to them."
6b45978d40c6e6fb803e3e30da14c9bd,basic,What are version spaces?,Version Spaces,Remember,Remember,Remember,Recalling,lower_order,high,"They ask for a definition of version spaces, a straightforward recall of a concept."
0332a651cc69ed468f9d99c94e3f1173,basic,What is the relationship between incremental concept learning and version spaces?,Version Spaces,Analyze,Understand,Understand,Explaining,lower_order,high,They request an explanation of the conceptual relationship between incremental learning and version spaces.
7815b09ae406f194b2bc840beb4d2994,complex,How do version spaces allow the agent to converge to the right generalization? Give an example including both overgeneralization and undergeneralization.,Version Spaces,Apply,Analyze,Analyze,Organizing,mid_order,high,"They ask how version spaces converge with examples and request an example contrasting over/undergeneralization, requiring organization of process and examples."
74541adcdd0e55cecc0b76d04baad8ff,complex,How are the steps of 'generalizing the specific model' and 'specifying the general model' connected?,Version Spaces,Analyze,Understand,Understand,Explaining,lower_order,high,"They ask how two update steps relate, which is a conceptual explanation of process connection."
